Timestamp,prices,total_volumes
2017-07-15 00:00:00.000,171.77744094493255,245487302.92215428
2017-07-16 00:00:00.000,156.46899162898947,594995539.910624
2017-07-17 00:00:00.000,188.3527773486568,527360935.2359769
2017-07-18 00:00:00.000,228.50328003667275,979531260.0237657
2017-07-19 00:00:00.000,199.59051553264698,769335320.255077
2017-07-20 00:00:00.000,223.4613483872583,731711069.5424181
2017-07-21 00:00:00.000,217.08647395834424,390393974.2217934
2017-07-22 00:00:00.000,231.14352894295098,229970082.7943966
2017-07-23 00:00:00.000,226.7185992848529,204467773.72653127
2017-07-24 00:00:00.000,224.91340709342114,144284203.8135455
2017-07-25 00:00:00.000,206.81050478775018,358021108.5784135
2017-07-26 00:00:00.000,200.3285558009793,291270680.5567596
2017-07-27 00:00:00.000,203.18932178158303,155763232.69062254
2017-07-28 00:00:00.000,192.58568390577597,312701503.6657654
2017-07-29 00:00:00.000,205.51111919711502,420378363.7250074
2017-07-30 00:00:00.000,197.19896347978235,278403491.47329795
2017-07-31 00:00:00.000,203.28719634179097,256040954.6827099
2017-08-01 00:00:00.000,227.08056705038587,794803694.1987914
2017-08-02 00:00:00.000,219.05792926762416,310747315.777984
2017-08-03 00:00:00.000,224.86795657659746,229219665.889338
2017-08-04 00:00:00.000,221.67495953018923,203505640.27122915
2017-08-05 00:00:00.000,253.15566612330053,615120367.3016751
2017-08-06 00:00:00.000,263.2220861638244,640103600.4602818
2017-08-07 00:00:00.000,268.49662903477497,435385633.8349678
2017-08-08 00:00:00.000,295.14709831672786,678573131.3986272
2017-08-09 00:00:00.000,297.0696048197405,1197172634.0328116
2017-08-10 00:00:00.000,296.7767240757822,448574816.64381045
2017-08-11 00:00:00.000,306.826433219032,411643039.51414186
2017-08-12 00:00:00.000,308.625531335255,485474525.24875605
2017-08-13 00:00:00.000,297.15980274719976,689079789.7596157
2017-08-14 00:00:00.000,296.3972895244633,384478726.7916482
2017-08-15 00:00:00.000,288.4507671723357,526951176.2194243
2017-08-16 00:00:00.000,300.0393294082391,640592816.9629201
2017-08-17 00:00:00.000,300.5703437604035,641280744.7518665
2017-08-18 00:00:00.000,296.114635373622,590470398.7743214
2017-08-19 00:00:00.000,296.6220895183796,553702157.2699106
2017-08-20 00:00:00.000,295.17157732771335,342822961.8711704
2017-08-21 00:00:00.000,322.2012201364436,1743909692.665895
2017-08-22 00:00:00.000,312.1744705574116,898344262.6106703
2017-08-23 00:00:00.000,316.7889202107443,466474643.49241275
2017-08-24 00:00:00.000,321.7852984049241,397752658.9354108
2017-08-25 00:00:00.000,329.0252809929819,451950699.05019414
2017-08-26 00:00:00.000,329.86578262442157,333839327.838868
2017-08-27 00:00:00.000,343.34133712814116,370052131.98739076
2017-08-28 00:00:00.000,344.2011314209417,519874393.4238931
2017-08-29 00:00:00.000,366.809589912788,767166476.1357825
2017-08-30 00:00:00.000,378.90633073469184,852991842.1703743
2017-08-31 00:00:00.000,382.9344507545728,414360266.00919527
2017-09-01 00:00:00.000,386.3430570009356,505643412.793286
2017-09-02 00:00:00.000,346.3987754868897,958653961.776176
2017-09-03 00:00:00.000,349.92924044114534,671189521.5578377
2017-09-04 00:00:00.000,299.7173318855491,1278523027.0732577
2017-09-05 00:00:00.000,318.9728041158723,1099567125.3565156
2017-09-06 00:00:00.000,333.20632999273016,672471698.8217244
2017-09-07 00:00:00.000,329.4156625176296,431394249.7466129
2017-09-08 00:00:00.000,304.47510826802426,660392679.7301207
2017-09-09 00:00:00.000,299.6944444705654,315515992.3564483
2017-09-10 00:00:00.000,292.7796567856866,456818455.0948669
2017-09-11 00:00:00.000,296.4753988432914,363007787.84414524
2017-09-12 00:00:00.000,290.58653195906925,583871859.8283461
2017-09-13 00:00:00.000,277.33365793127047,721738885.8360373
2017-09-14 00:00:00.000,214.3117136334975,929861557.1062983
2017-09-15 00:00:00.000,246.9218572871298,1617179859.467345
2017-09-16 00:00:00.000,244.80561175288247,586258300.894896
2017-09-17 00:00:00.000,249.66654597502836,336444511.1569665
2017-09-18 00:00:00.000,287.96109568877347,935880977.9429078
2017-09-19 00:00:00.000,280.4456323420793,518505103.8522604
2017-09-20 00:00:00.000,279.4176492108516,322301352.00916153
2017-09-21 00:00:00.000,257.465074465559,470196974.05520844
2017-09-22 00:00:00.000,263.46977368373445,343728639.336796
2017-09-23 00:00:00.000,283.22215899335055,365565238.54476005
2017-09-24 00:00:00.000,280.68104473460187,473679365.7914858
2017-09-25 00:00:00.000,288.0857009417575,367147869.49683565
2017-09-26 00:00:00.000,283.9294530726591,240690671.2951268
2017-09-27 00:00:00.000,302.1518453516756,394839374.31574607
2017-09-28 00:00:00.000,294.3138380117381,344032408.65444744
2017-09-29 00:00:00.000,288.11459689868053,401420308.2527799
2017-09-30 00:00:00.000,297.2689355700251,234494285.9120729
2017-10-01 00:00:00.000,299.6748890236153,208656622.10220405
2017-10-02 00:00:00.000,295.8400297394862,228753338.77109602
2017-10-03 00:00:00.000,292.2107206992577,213674545.194013
2017-10-04 00:00:00.000,293.0357027858311,167895948.31847614
2017-10-05 00:00:00.000,293.71934612048636,166289551.89366713
2017-10-06 00:00:00.000,307.7089805559562,223872523.77550793
2017-10-07 00:00:00.000,309.5982491240284,259031771.53758535
2017-10-08 00:00:00.000,307.05813687389934,195574551.40328008
2017-10-09 00:00:00.000,295.901045084102,422803467.0821769
2017-10-10 00:00:00.000,299.9170113647283,262661724.03535348
2017-10-11 00:00:00.000,303.2474665353709,179994094.52122995
2017-10-12 00:00:00.000,302.0199976805083,389123581.441959
2017-10-13 00:00:00.000,337.9526134340301,1062936136.5475445
2017-10-14 00:00:00.000,335.33824482981413,384671082.3691576
2017-10-15 00:00:00.000,335.3913549863649,513925811.79312485
2017-10-16 00:00:00.000,331.967214731027,536987705.5520873
2017-10-17 00:00:00.000,317.898212514702,368660409.98234016
2017-10-18 00:00:00.000,314.456554240651,459286354.2531358
2017-10-19 00:00:00.000,308.4746839282341,251750069.63289016
2017-10-20 00:00:00.000,302.35649692557024,270984512.97597694
2017-10-21 00:00:00.000,300.69384596228315,291385148.2978586
2017-10-22 00:00:00.000,295.4882479105146,227830530.53531405
2017-10-23 00:00:00.000,289.4140251237576,357572834.9115806
2017-10-24 00:00:00.000,298.75573430773346,522634263.28484994
2017-10-25 00:00:00.000,298.4839668215046,224745395.63136017
2017-10-26 00:00:00.000,295.7078546189935,175211825.16558704
2017-10-27 00:00:00.000,297.9291296930045,165062612.7639997
2017-10-28 00:00:00.000,296.4649529071602,178675171.42583302
2017-10-29 00:00:00.000,303.74113040048763,400151389.4858402
2017-10-30 00:00:00.000,306.2494615338919,245646777.54787138
2017-10-31 00:00:00.000,303.54211702851427,275058601.9442181
2017-11-01 00:00:00.000,292.33053872865435,343876003.8559511
2017-11-02 00:00:00.000,287.0696687458828,727168619.8327091
2017-11-03 00:00:00.000,305.8432726789198,493531953.8114265
2017-11-04 00:00:00.000,299.9549103522952,317726072.07408786
2017-11-05 00:00:00.000,297.5173231052644,250477635.77464697
2017-11-06 00:00:00.000,301.370794552855,472946830.30819535
2017-11-07 00:00:00.000,295.23511338265723,415882643.8192555
2017-11-08 00:00:00.000,308.9339866357258,755752328.1239891
2017-11-09 00:00:00.000,322.32952048358885,691815366.2495632
2017-11-10 00:00:00.000,301.3549333527746,650505791.3247348
2017-11-11 00:00:00.000,316.2583419604271,618676053.5502169
2017-11-12 00:00:00.000,314.1661277072687,1172943695.0944433
2017-11-13 00:00:00.000,315.34395637188766,783366133.855764
2017-11-14 00:00:00.000,338.937627406501,507718197.434228
2017-11-15 00:00:00.000,334.286932546348,518053273.608587
2017-11-16 00:00:00.000,330.021315646911,540577805.468288
2017-11-17 00:00:00.000,333.351255037181,408873409.223705
2017-11-18 00:00:00.000,348.74721545667,437969175.189351
2017-11-19 00:00:00.000,353.43572964676,892315491.355752
2017-11-20 00:00:00.000,365.786815977961,511630930.906117
2017-11-21 00:00:00.000,361.055822571048,667087478.419292
2017-11-22 00:00:00.000,379.409057274538,502690893.802197
2017-11-23 00:00:00.000,412.557611501513,1357607759.02526
2017-11-24 00:00:00.000,475.002014978137,1710984791.93773
2017-11-25 00:00:00.000,467.446390045639,1062451148.98556
2017-11-26 00:00:00.000,468.998099373249,848847109.547722
2017-11-27 00:00:00.000,484.362624150733,982703877.999528
2017-11-28 00:00:00.000,474.182894748523,640921145.689493
2017-11-29 00:00:00.000,428.345443336342,1864835257.85043
2017-11-30 00:00:00.000,454.160981519821,1302713009.05289
2017-12-01 00:00:00.000,469.863479570669,731926955.703011
2017-12-02 00:00:00.000,469.857050536754,571377802.810273
2017-12-03 00:00:00.000,461.880481908051,513723192.525671
2017-12-04 00:00:00.000,472.252735495896,559902818.597381
2017-12-05 00:00:00.000,467.016662982671,590010796.38345
2017-12-06 00:00:00.000,448.328222164605,5911434.14179457
2017-12-07 00:00:00.000,451.825581860168,968306459.942749
2017-12-08 00:00:00.000,467.881662612901,1578944197.85945
2017-12-09 00:00:00.000,482.035518858509,1109058208.5207
2017-12-10 00:00:00.000,446.691058078548,900203443.334746
2017-12-11 00:00:00.000,509.000876237775,1035160071.24411
2017-12-12 00:00:00.000,661.841332287634,3691983511.74634
2017-12-13 00:00:00.000,709.883193572531,2717113879.86409
2017-12-14 00:00:00.000,704.621843737326,2551109082.71176
2017-12-15 00:00:00.000,693.09706413276,1942292719.83027
2017-12-16 00:00:00.000,702.244612799479,1323743950.88971
2017-12-17 00:00:00.000,728.700471211578,1297439773.48386
2017-12-18 00:00:00.000,798.115404033608,2104028876.27651
2017-12-19 00:00:00.000,829.989201766042,2383800980.37899
2017-12-20 00:00:00.000,813.403602277568,2174389927.16457
2017-12-21 00:00:00.000,812.885159103535,1886649146.02117
2017-12-22 00:00:00.000,669.276492289395,2635463381.90133
2017-12-23 00:00:00.000,715.719068265809,1292257943.85486
2017-12-24 00:00:00.000,686.208308919806,1224218821.95787
2017-12-25 00:00:00.000,733.902545910265,1242520658.38317
2017-12-26 00:00:00.000,774.110198124999,1046697072.25852
2017-12-27 00:00:00.000,764.967062014162,910830156.598811
2017-12-28 00:00:00.000,736.840047017461,1012380621.45529
2017-12-29 00:00:00.000,755.343641318154,1172554374.08768
2017-12-30 00:00:00.000,736.909191519636,1306193221.81905
2017-12-31 00:00:00.000,774.696255457107,1127368142.17048
2018-01-01 00:00:00.000,776.080330355968,1101627635.65143
2018-01-02 00:00:00.000,876.890258814416,2720973272.07018
2018-01-03 00:00:00.000,963.0557506903511,2308657205.9772067
2018-01-04 00:00:00.000,978.416104183522,2756635496.077742
2018-01-05 00:00:00.000,1004.8949722625625,2894788528.9368753
2018-01-06 00:00:00.000,1052.02336010703,1824841952.503006
2018-01-07 00:00:00.000,1137.6549188901813,2286423001.2638764
2018-01-08 00:00:00.000,1184.92393027798,4813539670.332469
2018-01-09 00:00:00.000,1361.4396682787146,4248463429.84743
2018-01-10 00:00:00.000,1345.5876017375906,5901388488.269492
2018-01-11 00:00:00.000,1181.6514100305303,3701485302.9898286
2018-01-12 00:00:00.000,1315.6187580839762,2569674473.5809693
2018-01-13 00:00:00.000,1448.1800861342022,3149029707.9682436
2018-01-14 00:00:00.000,1410.0002145085193,2771837301.4899707
2018-01-15 00:00:00.000,1329.6713965043375,2438212396.6501827
2018-01-16 00:00:00.000,1068.6004106894156,5197858118.489889
2018-01-17 00:00:00.000,1022.3652131699663,5505023202.5208645
2018-01-18 00:00:00.000,1036.072312788025,3220457431.1306267
2018-01-19 00:00:00.000,1046.8985973958734,2067139497.7426836
2018-01-20 00:00:00.000,1172.9172062239459,1927757662.931302
2018-01-21 00:00:00.000,1053.6332024800395,1834167990.4392762
2018-01-22 00:00:00.000,1000.3871327788332,2128266201.553245
2018-01-23 00:00:00.000,991.665320638703,2162095341.3385787
2018-01-24 00:00:00.000,1056.8792325682198,1871168506.347743
2018-01-25 00:00:00.000,1059.3154960264808,2098100041.2531192
2018-01-26 00:00:00.000,1048.7989058434846,2126139932.407397
2018-01-27 00:00:00.000,1095.7825142892807,1592501816.2673755
2018-01-28 00:00:00.000,1237.3241758467964,3105991887.223209
2018-01-29 00:00:00.000,1169.6342569193446,2005499364.9335327
2018-01-30 00:05:11.070,1161.9086430994253,2006770995.7220535
2018-01-31 00:00:00.000,1058.0960529662955,2570454739.6687236
2018-02-01 00:00:00.000,1106.1381723552724,2148302756.922482
2018-02-02 00:00:00.000,1021.2693786534147,3414246407.713859
2018-02-03 00:00:00.000,914.6388425021536,4640850229.358906
2018-02-04 00:00:00.000,941.8032295185238,1878004123.5207362
2018-02-05 00:00:00.000,834.8891703333355,1882681773.9790668
2018-02-06 00:00:00.000,684.3133397266745,2941430688.7490797
2018-02-07 00:00:00.000,785.7389155049871,5021975963.611412
2018-02-08 00:05:23.681,751.8878893661607,2635662719.4442654
2018-02-09 00:00:00.000,807.8227505154956,2256661883.3019075
2018-02-10 00:00:00.000,871.3268829432668,1609823406.4155498
2018-02-11 00:00:00.000,854.3498784217315,1811750053.1438994
2018-02-12 00:00:00.000,817.2905243571003,1606757570.924482
2018-02-13 00:00:00.000,862.7487725902944,1342080234.6450908
2018-02-14 00:00:00.000,833.7791837295838,1215799275.6549883
2018-02-15 00:00:00.000,915.0765430188819,1659598861.037234
2018-02-16 00:00:00.000,928.2935214045194,1674187629.7427762
2018-02-17 00:00:00.000,934.6767104527537,1274489447.9994729
2018-02-18 00:00:00.000,964.2765079107337,1331103327.3327596
2018-02-19 00:00:00.000,915.0920469360246,1443742228.731157
2018-02-20 00:00:00.000,928.2902425457683,1113969168.9102838
2018-02-21 00:00:00.000,902.9690554385094,1376504167.75521
2018-02-22 00:00:00.000,809.1296597083212,1249190216.7073753
2018-02-23 00:00:00.000,812.4468626177468,1255677307.494043
2018-02-24 00:00:00.000,864.6697536212578,1553348119.733452
2018-02-25 00:00:00.000,828.7233989886703,1133793473.7387242
2018-02-26 00:00:00.000,842.6280247519165,971919367.4852569
2018-02-27 00:00:00.000,863.6502752378826,1273600054.5671887
2018-02-28 00:00:00.000,869.2632438249697,1185779363.0730155
2018-03-01 00:00:00.000,846.3652117960792,1088578648.6068828
2018-03-02 00:00:00.000,855.6787797305122,1046744161.7080027
2018-03-03 00:00:00.000,850.4429895810156,1065182064.2918291
2018-03-04 00:00:00.000,844.2552535175925,968839520.3151623
2018-03-05 00:00:00.000,843.7565763098702,921438207.058072
2018-03-06 00:00:00.000,840.1509954642488,996644678.1014967
2018-03-07 00:00:00.000,808.4491332246333,1163651036.9598706
2018-03-08 00:00:00.000,752.5931712474129,1517892302.80913
2018-03-09 00:00:00.000,699.1898984866136,1253573581.5186775
2018-03-10 00:00:00.000,710.8916532666208,1559125766.2324708
2018-03-11 00:00:00.000,684.934340074043,1019304765.7600274
2018-03-12 00:00:00.000,713.1953300017516,1044019470.3085319
2018-03-13 00:00:00.000,695.3142030222126,1041451579.0783635
2018-03-14 00:00:00.000,684.6415843660401,914239003.1825721
2018-03-15 00:00:00.000,608.3931488499501,1222860953.9396286
2018-03-16 00:00:00.000,612.4435397197692,1314501765.2298925
2018-03-17 00:00:00.000,607.879487479319,939394446.556439
2018-03-18 00:00:00.000,560.1094330840288,922526847.9439002
2018-03-19 00:00:00.000,538.6905900543026,2515158736.529607
2018-03-20 00:00:00.000,555.0775482373977,1668238269.8238573
2018-03-21 00:00:00.000,554.2098259834895,1363997499.3256834
2018-03-22 00:00:00.000,561.1465342247278,1242490235.347
2018-03-23 00:00:00.000,537.7059724380829,1029637021.1311402
2018-03-24 00:00:00.000,538.109029163154,1024506177.6381531
2018-03-25 00:00:00.000,519.4855998398031,722258331.0537022
2018-03-26 00:00:00.000,519.3780445915389,654302263.778145
2018-03-27 00:00:00.000,487.5396120553992,1130010306.3489618
2018-03-28 00:00:00.000,449.05225249207564,1205007525.3029315
2018-03-29 00:00:00.000,443.9491009578748,899161524.3411528
2018-03-30 00:00:00.000,385.32709566886405,1501135895.8124254
2018-03-31 00:00:00.000,395.32626329061816,1552652584.610018
2018-04-01 00:00:00.000,395.79638095782116,970454263.2346877
2018-04-02 00:00:00.000,379.1235134110076,928418706.5875922
2018-04-03 00:00:00.000,384.8259822881638,725811930.9112238
2018-04-04 00:00:00.000,415.7162339703384,938277656.037438
2018-04-05 00:00:00.000,380.28195959120734,888566484.4804863
2018-04-06 00:00:00.000,384.46448544618835,767721856.0504649
2018-04-07 00:00:00.000,369.9138976693199,590720199.8519591
2018-04-08 00:00:00.000,383.44636088273523,549082514.9320759
2018-04-09 00:00:00.000,396.98175550697044,565597670.5997823
2018-04-10 00:00:00.000,398.77335502107474,1095742137.015535
2018-04-11 00:00:00.000,412.6893456266917,687260482.4501439
2018-04-12 00:00:00.000,427.3849460078481,816313720.2347212
2018-04-13 00:00:00.000,488.60548934434905,1871680188.8730233
2018-04-14 00:00:00.000,488.99218126708564,1771917382.798235
2018-04-15 00:00:00.000,495.11291363236046,960941082.4787031
2018-04-16 00:00:00.000,525.5274445398754,1113471501.5870776
2018-04-17 00:00:00.000,507.11031309582995,952394918.7009709
2018-04-18 00:00:00.000,498.46700764950907,834810907.6434356
2018-04-19 00:00:00.000,517.3740431959737,827471474.463687
2018-04-20 00:00:00.000,566.3920838512778,1223410365.7024539
2018-04-21 00:00:00.000,590.27192246768,1477100076.3424082
2018-04-22 00:00:00.000,600.2596767733208,1412079787.2669172
2018-04-23 00:00:00.000,617.2024078855728,1226887273.8293471
2018-04-24 00:00:00.000,636.3671638965957,1175262573.641298
2018-04-25 00:00:00.000,705.0276448443027,2013232706.0861015
2018-04-26 00:00:00.000,613.7267252906634,2772144667.1931686
2018-04-27 00:00:00.000,657.0577934851548,1616604527.0569918
2018-04-28 00:00:00.000,641.9936056225328,1327872538.0128767
2018-04-29 00:00:00.000,672.5969368274542,1170961463.496074
2018-04-30 00:00:00.000,680.1204953886593,1180427164.5645165
2018-05-01 00:00:00.000,662.732735837356,1271088003.6155422
2018-05-02 00:00:00.000,665.2257861413076,1342793449.0474029
2018-05-03 00:00:00.000,676.5525639388837,1153897333.4141612
2018-05-04 00:00:00.000,781.4257804747286,1005515083.8603067
2018-05-05 00:00:00.000,777.9076470179848,1967182623.5957444
2018-05-06 00:00:00.000,807.0673291637275,1617671981.240539
2018-05-07 00:00:00.000,785.89274351052,1742487117.419987
2018-05-08 00:00:00.000,748.8131413938073,2808727749.1170845
2018-05-09 00:00:00.000,744.3248257193555,1562833107.5547128
2018-05-10 00:00:00.000,743.6398157399032,1517875906.0296729
2018-05-11 00:00:00.000,717.4128743633592,1329169267.9922028
2018-05-12 00:00:00.000,675.2917525022057,1867453050.653334
2018-05-13 00:00:00.000,683.1702676131072,1574237121.080983
2018-05-14 00:00:00.000,726.8719105255797,1358354339.8603525
2018-05-15 00:00:00.000,727.8026816427881,1747256249.2920547
2018-05-16 00:00:00.000,703.1556814584169,1318045201.5495617
2018-05-17 00:00:00.000,702.4531187046043,1283393781.5952938
2018-05-18 00:00:00.000,665.6275313370153,1148132528.5857544
2018-05-19 00:00:00.000,686.2132687257347,1140013811.1318896
2018-05-20 00:00:00.000,685.8467539789947,955540974.5773942
2018-05-21 00:00:00.000,703.8146666492306,964430375.9997903
2018-05-22 00:00:00.000,688.9132212295281,914750523.9094018
2018-05-23 00:00:00.000,641.1003511423173,1134342772.6066892
2018-05-24 00:00:00.000,581.2411880572671,1636502158.2149532
2018-05-25 00:00:00.000,597.848771866914,1578836653.594426
2018-05-26 00:00:00.000,582.2793862832264,1130488777.7931898
2018-05-27 00:00:00.000,580.4834597869499,793211715.4555622
2018-05-28 00:00:00.000,565.9260648024518,936703218.9329598
2018-05-29 00:00:00.000,511.61588041076885,1349222685.5995286
2018-05-30 00:00:00.000,561.7406614509548,1304128810.668677
2018-05-31 00:00:00.000,555.3491509790109,1076970536.7091825
2018-06-01 00:00:00.000,571.7271134994469,1016848280.1956758
2018-06-02 00:00:00.000,573.8335504842785,988913896.7405567
2018-06-03 00:00:00.000,583.1316392150303,917573393.7371987
2018-06-04 00:00:00.000,609.2946747342367,960786811.8699535
2018-06-05 00:00:00.000,586.5759760467295,998788030.4591345
2018-06-06 00:00:00.000,600.6782790386933,981693246.7757119
2018-06-07 00:00:00.000,598.2160984640701,883508366.7942146
2018-06-08 00:00:00.000,595.1261406729993,987621968.4491141
2018-06-09 00:00:00.000,590.4981451663734,774931924.148761
2018-06-10 00:00:00.000,581.1212496803587,704024660.4544114
2018-06-11 00:00:00.000,522.9980386707371,1323637042.9511685
2018-06-12 00:00:00.000,529.1308297528115,1163129332.5094237
2018-06-13 00:00:00.000,495.0763558611063,1183551767.9992313
2018-06-14 00:00:00.000,474.85911303649493,1330197064.145758
2018-06-15 00:00:00.000,516.6441703707438,1634517037.5387144
2018-06-16 00:00:00.000,485.4328365159148,1129671619.800608
2018-06-17 00:00:00.000,493.0678580653148,732126705.7704039
2018-06-18 00:00:00.000,491.40027597923427,675191594.9936471
2018-06-19 00:00:00.000,512.4288524669856,861532499.7213074
2018-06-20 00:00:00.000,532.0039133610575,1047558826.1450363
2018-06-21 00:00:00.000,529.7630465685196,983081480.6999408
2018-06-22 00:00:00.000,520.6671645141439,901042405.2653681
2018-06-23 00:00:00.000,463.94082865220423,1473054828.325441
2018-06-24 00:00:00.000,472.9772647615346,1088716168.438927
2018-06-25 00:00:00.000,455.71843063066746,1813906376.293752
2018-06-26 00:00:00.000,458.9258012406738,3935188498.9796495
2018-06-27 00:00:00.000,430.60178441047594,3145279252.081028
2018-06-28 00:00:00.000,437.8765374730084,1459598903.6298532
2018-06-29 00:00:00.000,420.86212416397933,1247515217.4657764
2018-06-30 00:00:00.000,432.50722049091496,1274641927.2798553
2018-07-01 00:00:00.000,449.43004507185094,1242421813.7124994
2018-07-02 00:00:00.000,447.6805505735615,1389903375.1050892
2018-07-03 00:00:00.000,472.31165843777023,1756088768.4057357
2018-07-04 00:00:00.000,459.6987235407423,1747988600.5163236
2018-07-05 00:00:00.000,463.22220830490755,1569050880.151065
2018-07-06 00:00:00.000,466.87948010075564,1727252653.8580823
2018-07-07 00:00:00.000,467.5901144927255,1573448525.1336815
2018-07-08 00:00:00.000,481.523823511904,1498055824.3153505
2018-07-09 00:00:00.000,483.8040307751051,1475654563.4116213
2018-07-10 00:00:00.000,469.7022293732207,1637687610.915009
2018-07-11 00:00:00.000,431.76445446277353,1785960365.2391424
2018-07-12 00:00:00.000,443.0254304264658,1290310142.3535857
2018-07-13 00:00:00.000,427.79224436391297,1431811643.4801674
2018-07-14 00:00:00.000,431.266939712935,1446717925.4764767
2018-07-15 00:00:00.000,431.78456841825795,1123965513.5737858
2018-07-16 00:00:00.000,446.60952086822346,1144805112.5639584
2018-07-17 00:00:00.000,478.20850696097756,2202047226.057058
2018-07-18 00:00:00.000,497.1775460849197,1948063360.783312
2018-07-19 00:00:00.000,475.9901579076109,1914258994.0043561
2018-07-20 00:00:00.000,464.78994267592014,1540257887.5019171
2018-07-21 00:00:00.000,447.2032909319223,1657375888.3844986
2018-07-22 00:00:00.000,458.0790283587359,1274976611.9245467
2018-07-23 00:00:00.000,455.5332019326154,1171779230.1386185
2018-07-24 00:00:00.000,447.92137912561867,1376984398.4663281
2018-07-25 00:00:00.000,477.2092716797165,1761639225.2861466
2018-07-26 00:00:00.000,468.73749232171497,1567839914.2626874
2018-07-27 00:00:00.000,460.8693339260698,1425778759.9011617
2018-07-28 00:00:00.000,467.9579265520383,1318960361.3308747
2018-07-29 00:00:00.000,465.8991552657435,15896613818.38507
2018-07-30 00:00:00.000,466.41922911559277,8096703017.25451
2018-07-31 00:00:00.000,458.080921209812,1658111274.2681992
2018-08-01 00:00:00.000,432.3501179219696,1576813468.9990995
2018-08-02 00:00:00.000,417.27540676628155,5779965392.271022
2018-08-03 00:00:00.000,410.9251331069581,2616667154.5040126
2018-08-04 00:00:00.000,417.35539322792266,2104388036.4109633
2018-08-05 00:00:00.000,406.8839911959127,1809713052.7134383
2018-08-06 00:00:00.000,409.16493540460897,2106705188.799999
2018-08-07 00:00:00.000,404.81719789129863,2315454592.965536
2018-08-08 00:00:00.000,377.75090114785144,1851482817.3237607
2018-08-09 00:00:00.000,353.6461229266765,1935897432.9447079
2018-08-10 00:00:00.000,363.6851798621928,2317855524.1517854
2018-08-11 00:00:00.000,332.49243311549486,2027472927.1744547
2018-08-12 00:00:00.000,317.3144774285816,2371854614.6728854
2018-08-13 00:00:00.000,317.9561130787788,2055561310.2074306
2018-08-14 00:00:00.000,284.9586646577589,2305624514.7211037
2018-08-15 00:00:00.000,277.7460166184284,3134794913.6870646
2018-08-16 00:00:00.000,281.1411931356025,2818580241.5689964
2018-08-17 00:00:00.000,286.3202214369417,2409323174.6488853
2018-08-18 00:00:00.000,314.79325272659554,2930409554.8592534
2018-08-19 00:00:00.000,293.17699177790365,2806352498.6709337
2018-08-20 00:00:00.000,299.4351225630472,2503896967.514467
2018-08-21 00:00:00.000,271.06155217805997,2209797060.591189
2018-08-22 00:00:00.000,280.3747171450871,2099627671.6781328
2018-08-23 00:00:00.000,269.2483994291051,2312267790.5229416
2018-08-24 00:00:00.000,275.80838507029057,2099144009.1521382
2018-08-25 00:00:00.000,281.7346420014112,2215723321.9649477
2018-08-26 00:00:00.000,277.96671056981506,1727946125.1412983
2018-08-27 00:00:00.000,273.50341418810274,1905358200.9155493
2018-08-28 00:00:00.000,286.9611037603499,2157563439.765662
2018-08-29 00:00:00.000,296.29612763685776,2548394710.003952
2018-08-30 00:00:00.000,288.5053605724647,2536785879.3731794
2018-08-31 00:00:00.000,285.1028726269231,2491159403.542024
2018-09-01 00:00:00.000,282.22317870221497,2200676475.6614757
2018-09-02 00:00:00.000,295.6461617616964,2591135538.1810236
2018-09-03 00:00:00.000,294.5856884801363,2297225428.9853034
2018-09-04 00:00:00.000,288.85282563770716,2057722570.6458614
2018-09-05 00:00:00.000,285.4857566471215,2979570499.016402
2018-09-06 00:00:00.000,232.59576871683151,4099897499.876869
2018-09-07 00:00:00.000,229.37495804862965,2701061396.205367
2018-09-08 00:00:00.000,215.43223745188737,2789431368.228549
2018-09-09 00:00:00.000,196.8653868522827,2540332938.5796466
2018-09-10 00:00:00.000,195.87733831990175,3175761389.4267607
2018-09-11 00:00:00.000,196.3615326706261,2491788678.425953
2018-09-12 00:00:00.000,184.08223182704117,2596452765.8883944
2018-09-13 00:00:00.000,182.94557625329006,2604494814.9428654
2018-09-14 00:00:00.000,211.82672748652598,3501498582.9411836
2018-09-15 00:00:00.000,211.3835617204549,3131560545.2123165
2018-09-16 00:00:00.000,223.05308230390335,2852106466.4745975
2018-09-17 00:00:00.000,220.1415794346937,2369163812.379939
2018-09-18 00:00:00.000,196.5766097002653,2973745225.343125
2018-09-19 00:00:00.000,210.15069647518163,2669510295.5159802
2018-09-20 00:00:00.000,209.1425267776257,2532964971.008765
2018-09-21 00:00:00.000,224.38097767293752,2506415802.825286
2018-09-22 00:00:00.000,247.41001789452824,3224898332.902585
2018-09-23 00:00:00.000,241.8437317592413,2253360127.7800627
2018-09-24 00:00:00.000,244.7847954629194,2228170858.2763815
2018-09-25 00:00:00.000,228.34091150907454,2153893196.3090963
2018-09-26 00:00:00.000,219.50434375691938,4690848657.831447
2018-09-27 00:00:00.000,214.9793802543281,2266901693.2743306
2018-09-28 00:00:00.000,229.22195926025518,2324850663.3816543
2018-09-29 00:00:00.000,222.229239761749,1941656837.4249225
2018-09-30 00:00:00.000,231.73587329828854,2157048771.9024014
2018-10-01 00:00:00.000,232.78138524562493,1696510081.8875268
2018-10-02 00:00:00.000,231.1436846227436,1380169412.0950716
2018-10-03 00:00:00.000,225.79485382934473,1289588248.9376829
2018-10-04 00:00:00.000,220.47446029228064,1484341832.0366879
2018-10-05 00:00:00.000,222.19584779064576,1299403541.2219515
2018-10-06 00:00:00.000,228.03607024893918,1343329878.055222
2018-10-07 00:00:00.000,225.06880731767052,1289880374.6702132
2018-10-08 00:00:00.000,225.65834864130284,1219257804.378523
2018-10-09 00:00:00.000,229.52461502629828,1307100279.2014499
2018-10-10 00:00:00.000,227.9689077917784,1144035692.1601665
2018-10-11 00:00:00.000,225.66201617746165,1221609498.330973
2018-10-12 00:00:00.000,192.0010841477226,1985897938.5728974
2018-10-13 00:00:00.000,197.06801594741614,1432531941.2853491
2018-10-14 00:00:00.000,201.05349968429928,1075912682.4856188
2018-10-15 00:00:00.000,196.3186984116144,1120326805.1559036
2018-10-16 00:00:00.000,212.2030694387269,3003242429.5916
2018-10-17 00:00:00.000,212.4442865474299,1278234751.758753
2018-10-18 00:00:00.000,211.08269302502703,1230898825.0612144
2018-10-19 00:00:00.000,204.31304892929978,1267340948.4957962
2018-10-20 00:00:00.000,203.97626253061992,1230724742.5840461
2018-10-21 00:00:00.000,206.88209866230514,1154390188.6976511
2018-10-22 00:00:00.000,206.30982679591034,1070945888.3231828
2018-10-23 00:00:00.000,205.03775490876436,1242296100.6213374
2018-10-24 00:00:00.000,204.08394558056767,1232758658.0737
2018-10-25 00:00:00.000,203.52219877380867,1220612744.1480913
2018-10-26 00:00:00.000,202.35302275695466,1165395713.6574717
2018-10-27 00:00:00.000,203.38496856526396,1294283606.8483193
2018-10-28 00:00:00.000,203.18739632422128,1055337328.7702934
2018-10-29 00:00:00.000,204.7223407022085,1039726472.1950811
2018-10-30 00:00:00.000,195.7514045211852,1525796041.9084504
2018-10-31 00:00:00.000,197.44844958499,977416380.6935779
2018-11-01 00:00:00.000,198.6390488336609,1270047763.0015414
2018-11-02 00:00:00.000,199.1226070207313,1320296639.6714208
2018-11-03 00:00:00.000,202.28275716666218,1261558842.1750631
2018-11-04 00:00:00.000,200.13622776255878,1031402141.4720232
2018-11-05 00:00:00.000,206.8144295995958,1796786475.6827538
2018-11-06 00:00:00.000,209.10887661978714,1497004600.6516602
2018-11-07 00:00:00.000,219.16088708430863,1767914756.9357538
2018-11-08 00:00:00.000,219.0157747507676,1482170343.362153
2018-11-09 00:00:00.000,213.40763439234544,1330922735.7940972
2018-11-10 00:00:00.000,210.79061959752252,1088745373.4360032
2018-11-11 00:00:00.000,212.9658278769949,1068409319.3349147
2018-11-12 00:00:00.000,212.4733247441558,1300514887.7948813
2018-11-13 00:00:00.000,211.65690924875202,1282532597.6221092
2018-11-14 00:00:00.000,208.58229647385883,1395382434.391138
2018-11-15 00:00:00.000,184.02255937246562,2658768934.172415
2018-11-16 00:00:00.000,182.448242594831,2461869578.310328
2018-11-17 00:00:00.000,176.02240566453227,1724796640.6795118
2018-11-18 00:00:00.000,175.6674163561008,1412767953.2110136
2018-11-19 00:00:00.000,177.72868960741215,1419370369.0170794
2018-11-20 00:00:00.000,150.39116276572497,2804845847.3432374
2018-11-21 00:00:00.000,131.476679735108,3210253186.2157793
2018-11-22 00:00:00.000,137.1730431934016,2864570364.233047
2018-11-23 00:00:00.000,126.06638760845392,1749233437.3121877
2018-11-24 00:00:00.000,124.15029635415753,1739142608.9564946
2018-11-25 00:00:00.000,114.28793125942474,1678866535.7412324
2018-11-26 00:00:00.000,117.52527750634898,2438195895.932367
2018-11-27 00:00:00.000,109.43098854688948,1897018311.0723217
2018-11-28 00:00:00.000,110.43494358866081,1997220602.5212777
2018-11-29 00:00:00.000,122.44642499081692,2140930653.1883004
2018-11-30 00:00:00.000,117.70538590366436,1607356549.8743916
2018-12-01 00:00:00.000,113.4028831522645,1719140725.5823185
2018-12-02 00:00:00.000,118.10075903673732,1471310196.1165853
2018-12-03 00:00:00.000,115.94428273243844,1311180616.0078957
2018-12-04 00:00:00.000,108.67684762425776,1272979823.5054636
2018-12-05 00:00:00.000,109.85191500097886,1334764925.9641466
2018-12-06 00:00:00.000,102.51104175852288,1338392608.1239889
2018-12-07 00:00:00.000,91.10115845588969,1619374013.0384092
2018-12-08 00:00:00.000,92.96795017189604,2504222326.1841803
2018-12-09 00:00:00.000,90.67825609691094,1807021801.6527622
2018-12-10 00:00:00.000,93.53012682199429,1591278001.7639914
2018-12-11 00:00:00.000,89.85371730794834,1295907311.516668
2018-12-12 00:00:00.000,87.85041070425926,1392270657.2968814
2018-12-13 00:00:00.000,89.37790161622951,1232429721.5102735
2018-12-14 00:00:00.000,85.95872706359158,1269694470.9247181
2018-12-15 00:00:00.000,83.78596235654511,1325123179.3098264
2018-12-16 00:00:00.000,83.8335821320138,1109693017.2554052
2018-12-17 00:00:00.000,84.46584639727314,1198587935.4117327
2018-12-18 00:00:00.000,94.07306838255042,1696264039.588314
2018-12-19 00:00:00.000,100.05002539321067,1751770011.1099293
2018-12-20 00:00:00.000,99.49155365807758,1971206305.0304084
2018-12-21 00:00:00.000,114.42918370038834,2413040598.1809735
2018-12-22 00:00:00.000,107.85318110517642,2146527658.029341
2018-12-23 00:00:00.000,115.04582181530175,1843031240.6757457
2018-12-24 00:00:00.000,129.20650341412852,3038557582.0165663
2018-12-25 00:00:00.000,138.95781833191495,4190149358.5431848
2018-12-26 00:00:00.000,127.63707252348217,2981293112.474187
2018-12-27 00:00:00.000,129.51137399263007,2263075668.319348
2018-12-28 00:00:00.000,114.1013635506553,1964406471.6911712
2018-12-29 00:00:00.000,134.01993952035144,2611941307.2773275
2018-12-30 00:00:00.000,138.75426661197633,2754610335.045736
2018-12-31 00:00:00.000,137.6316929791457,2326472259.1586623
2019-01-01 00:00:00.000,131.45872465603802,1822123555.3749323
2019-01-02 00:00:00.000,138.14480220535194,1831181165.2598188
2019-01-03 00:00:00.000,152.86045271321305,2970382678.100767
2019-01-04 00:00:00.000,146.7305994341217,2147721864.232185
2019-01-05 00:00:00.000,153.0565669307744,2802750465.265354
2019-01-06 00:00:00.000,153.65187149457,2751810037.277045
2019-01-07 00:00:00.000,154.69930839905126,2604841786.5535765
2019-01-08 00:00:00.000,149.89869762072908,2288173707.0961676
2019-01-09 00:00:00.000,148.14786553107623,2024950462.4209144
2019-01-10 00:00:00.000,148.7388798515161,1895694764.7753518
2019-01-11 00:00:00.000,126.62475249770274,2728309575.30694
2019-01-12 00:00:00.000,124.6267970725248,2081742756.9099514
2019-01-13 00:00:00.000,123.75936261029351,1504750867.1261935
2019-01-14 00:00:00.000,114.76604584662175,1642681383.2372842
2019-01-15 00:00:00.000,127.40527329081972,2141032095.0550327
2019-01-16 00:00:00.000,119.81437324652917,2179445232.6582036
2019-01-17 00:00:00.000,122.24553850486993,2113608536.6644716
2019-01-18 00:00:00.000,121.92726666997898,1953391667.2246928
2019-01-19 00:00:00.000,119.1707391686563,1689783955.342064
2019-01-20 00:00:00.000,122.92817578942176,1843518995.3753238
2019-01-21 00:00:00.000,117.6078729013454,1968418396.7324762
2019-01-22 00:00:00.000,115.82686433322588,1719454581.2400157
2019-01-23 00:00:00.000,117.81718880676009,1765861558.4971473
2019-01-24 00:00:00.000,116.41601969858114,1599707091.7203567
2019-01-25 00:00:00.000,116.24543567436463,1605735349.503223
2019-01-26 00:00:00.000,115.14990605895021,1612015659.44269
2019-01-27 00:00:00.000,115.33716687142687,1433112570.853001
2019-01-28 00:00:00.000,112.51348924314217,1753825291.7971783
2019-01-29 00:00:00.000,105.35239189764611,2332780149.277323
2019-01-30 00:00:00.000,104.59784628074063,2555950268.3740425
2019-01-31 00:00:00.000,108.27309466982854,2493952726.425111
2019-02-01 00:00:00.000,106.33599581366398,1980504563.8608692
2019-02-02 00:00:00.000,107.00955827242754,2189489172.098924
2019-02-03 00:00:00.000,108.77817692653159,1859087081.855614
2019-02-04 00:00:00.000,107.19999697185268,1970373516.398768
2019-02-05 00:00:00.000,107.61824539435413,1910734433.7085884
2019-02-06 00:00:00.000,107.31703853339418,1850805735.245364
2019-02-07 00:00:00.000,104.62362623241391,2028390258.2091599
2019-02-08 00:00:00.000,104.26536439234141,1809028295.0201623
2019-02-09 00:00:00.000,119.33360463375858,3337030323.848282
2019-02-10 00:00:00.000,119.48955517293045,2281124257.2366414
2019-02-11 00:00:00.000,124.88963479029995,2720772395.722468
2019-02-12 00:00:00.000,120.97026174727318,2802017940.5234113
2019-02-13 00:00:00.000,122.54208894762355,2573128709.502421
2019-02-14 00:00:00.000,122.09412965721424,2635011194.1226845
2019-02-15 00:00:00.000,120.59217399552682,2745287445.7246704
2019-02-16 00:00:00.000,121.57227847601175,2374950565.9874945
2019-02-17 00:00:00.000,122.93860835926709,2286482856.840245
2019-02-18 00:00:00.000,133.88146961685993,4003447879.040646
2019-02-19 00:00:00.000,145.32602670603126,5528376735.104817
2019-02-20 00:00:00.000,143.65523417640586,4958547530.735177
2019-02-21 00:00:00.000,148.8684346762975,4674193073.576877
2019-02-22 00:00:00.000,145.2958232437471,4028897436.931248
2019-02-23 00:00:00.000,148.04165031619752,3866449781.9766116
2019-02-24 00:00:00.000,157.67559560191677,5041062545.201769
2019-02-25 00:00:00.000,134.31602869596247,6907323014.255601
2019-02-26 00:00:00.000,137.8218665264574,5199003327.451232
2019-02-27 00:00:00.000,135.99783785109707,4013821729.4520674
2019-02-28 00:00:00.000,134.84981713392082,4639489690.788092
2019-03-01 00:00:00.000,135.4906837644075,4363574713.481887
2019-03-02 00:00:00.000,134.95470877409352,3152662372.3438797
2019-03-03 00:00:00.000,132.40742658761687,3386932026.236029
2019-03-04 00:00:00.000,130.5403477406027,3658774171.8825684
2019-03-05 00:00:00.000,125.6240824924571,4360833026.630624
2019-03-06 00:00:00.000,136.5502476885833,5188731980.705806
2019-03-07 00:00:00.000,137.32665152792868,4644218449.362553
2019-03-08 00:00:00.000,136.78614228385894,4578357693.783855
2019-03-09 00:00:00.000,133.5416931933968,4522056070.475344
2019-03-10 00:00:00.000,137.1960003042231,4296123041.029174
2019-03-11 00:00:00.000,135.62080210154824,4499641386.635785
2019-03-12 00:00:00.000,132.38753404384025,3785480350.370964
2019-03-13 00:00:00.000,133.28742563523164,4188517679.4991765
2019-03-14 00:00:00.000,131.6683444532404,3621660451.668175
2019-03-15 00:00:00.000,132.14623792639355,3916095404.0189743
2019-03-16 00:00:00.000,136.4478648131974,4756481151.442661
2019-03-17 00:00:00.000,141.08804416286097,4786242985.088408
2019-03-18 00:00:00.000,138.55063028189403,3163231174.800602
2019-03-19 00:00:00.000,137.65794893090973,4436947537.81063
2019-03-20 00:00:00.000,138.5225166550466,4016707231.683015
2019-03-21 00:00:00.000,139.0759731796369,4301026829.020336
2019-03-22 00:00:00.000,135.05601072736965,5329540237.069148
2019-03-23 00:00:00.000,136.0995360201361,4676895061.111653
2019-03-24 00:00:00.000,137.19806866408575,4329648785.084198
2019-03-25 00:00:00.000,136.05748300079634,4828779391.134742
2019-03-26 00:00:00.000,133.8175199792062,5128191497.587813
2019-03-27 00:00:00.000,134.02990438257248,6365187624.764251
2019-03-28 00:00:00.000,139.63660664431762,6058290711.3394575
2019-03-29 00:00:00.000,137.81198852309657,6421741403.9849205
2019-03-30 00:00:00.000,143.14644309796884,6309182468.745683
2019-03-31 00:00:00.000,142.28965262894044,6431145135.476545
2019-04-01 00:00:00.000,141.586389044902,5681255417.619743
2019-04-02 00:00:00.000,141.51455520152766,5806385520.250954
2019-04-03 00:00:00.000,164.05054289558294,11972928895.801353
2019-04-04 00:00:00.000,160.43283831978377,14345018962.49493
2019-04-05 00:00:00.000,157.41222580794496,18960578265.68538
2019-04-06 00:00:00.000,165.1385234713877,8154465149.927939
2019-04-07 00:00:00.000,165.32515186458005,8041146224.6182995
2019-04-08 00:00:00.000,174.09052297795662,8774486908.148108
2019-04-09 00:00:00.000,180.01192355336678,9174797057.457947
2019-04-10 00:00:00.000,175.2941224274854,7853653932.961174
2019-04-11 00:00:00.000,177.3253178087243,8535409687.957658
2019-04-12 00:00:00.000,165.03710682659573,9492297742.469435
2019-04-13 00:00:00.000,164.57194837218958,6864550131.632152
2019-04-14 00:00:00.000,163.97160033492332,4895342267.034281
2019-04-15 00:00:00.000,167.61800117879454,5453899413.191777
2019-04-16 00:00:00.000,160.53249078494966,6208683988.248793
2019-04-17 00:00:00.000,166.4845378681717,5341068833.609714
2019-04-18 00:00:00.000,166.3272646030099,5326967582.034817
2019-04-19 00:00:00.000,173.41362781077277,7052905652.127466
2019-04-20 00:00:00.000,173.2282621688014,7221388008.444495
2019-04-21 00:00:00.000,173.16628767058037,6156525100.7694435
2019-04-22 00:00:00.000,169.98788930945395,6664047714.540679
2019-04-23 00:00:00.000,171.0434707895899,6402115847.390519
2019-04-24 00:00:00.000,170.91296418483168,7113521465.307921
2019-04-25 00:00:00.000,165.66966005027155,8048012710.936328
2019-04-26 00:00:00.000,153.9304406219976,7178205516.338611
2019-04-27 00:00:00.000,157.3757012457437,7692660385.390277
2019-04-28 00:00:00.000,158.28919434200932,5979883531.17244
2019-04-29 00:00:00.000,156.5951891487867,5768664295.690624
2019-04-30 00:00:00.000,154.08028243009934,6411778889.018952
2019-05-01 00:00:00.000,160.74469184721738,7295538037.156365
2019-05-02 00:00:00.000,159.48931440238658,5827474260.897809
2019-05-03 00:00:00.000,160.95718796104512,6382424498.642877
2019-05-04 00:00:00.000,166.63211526803485,7370814310.015348
2019-05-05 00:00:00.000,162.83631690744346,7462922637.386197
2019-05-06 00:00:00.000,162.37013497277283,6585100748.204202
2019-05-07 00:00:00.000,172.8283284518378,8296752441.893426
2019-05-08 00:00:00.000,170.09589748059332,9534335324.779873
2019-05-09 00:00:00.000,170.11063311538186,6667762034.758085
2019-05-10 00:00:00.000,170.57549417946805,6902719143.315466
2019-05-11 00:00:00.000,172.68209089135948,8161017266.9209385
2019-05-12 00:00:00.000,196.6901677286205,15122302157.846966
2019-05-13 00:00:00.000,187.2720183708742,11582482850.21803
2019-05-14 00:00:00.000,196.0761130134244,11346705276.931213
2019-05-15 00:00:00.000,218.28460968764938,13905655019.126186
2019-05-16 00:00:00.000,248.74500426984366,13672541332.505766
2019-05-17 00:00:00.000,264.90012138907406,18005081606.855213
2019-05-18 00:00:00.000,243.57049917993308,16370442950.862896
2019-05-19 00:00:00.000,235.32720134101993,9809558171.875607
2019-05-20 00:00:00.000,260.59698403060327,10660302136.0779
2019-05-21 00:00:00.000,251.9614994995826,11264583865.095984
2019-05-22 00:00:00.000,256.0830401834705,10173591139.714605
2019-05-23 00:00:00.000,244.54946301361036,9779773115.360765
2019-05-24 00:00:00.000,244.6460957973966,11366080280.52015
2019-05-25 00:00:00.000,248.54526290535333,9874907867.701994
2019-05-26 00:00:00.000,250.82036469745617,9323604229.835455
2019-05-27 00:00:00.000,266.12218207843597,11071430353.366852
2019-05-28 00:00:00.000,273.40508817754096,12655030646.34605
2019-05-29 00:00:00.000,271.227867157993,9175086732.606298
2019-05-30 00:00:00.000,268.7857564563058,10947486779.437864
2019-05-31 00:00:00.000,255.37736314606394,13789629797.840866
2019-06-01 00:00:00.000,268.12603920482644,13065602415.97646
2019-06-02 00:00:00.000,264.72732428744166,9939944521.868128
2019-06-03 00:00:00.000,269.9388294795906,9394858671.397644
2019-06-04 00:00:00.000,251.75257532903564,9490495448.140297
2019-06-05 00:00:00.000,240.23943365820054,9485736882.825798
2019-06-06 00:00:00.000,246.82656909017393,9425766068.31484
2019-06-07 00:00:00.000,249.9679117723965,8404331947.2354
2019-06-08 00:00:00.000,250.63689323005363,8150833842.114468
2019-06-09 00:00:00.000,244.62980571926562,7354875776.242826
2019-06-10 00:00:00.000,232.04158416760484,8029562832.321171
2019-06-11 00:00:00.000,247.25227622797598,8199127073.858642
2019-06-12 00:00:00.000,245.08937853941526,8182713237.348147
2019-06-13 00:00:00.000,260.5666340627198,12143678886.284647
2019-06-14 00:00:00.000,255.1204266417473,8992183283.907227
2019-06-15 00:00:00.000,263.92853843827874,9249836453.371191
2019-06-16 00:00:00.000,268.1121928964469,8326314916.480807
2019-06-17 00:00:00.000,269.0716935274996,11214016847.926468
2019-06-18 00:00:00.000,273.12368845247914,10113175117.058073
2019-06-19 00:00:00.000,264.78793107969506,9119385783.21149
2019-06-20 00:00:00.000,269.1527997781388,8141550514.028044
2019-06-21 00:00:00.000,272.334690986303,9013711196.951782
2019-06-22 00:00:00.000,294.47562296593696,13984421402.12714
2019-06-23 00:00:00.000,310.65499867231955,14958216407.156822
2019-06-24 00:00:00.000,307.9472102635873,11379261835.846235
2019-06-25 00:00:00.000,311.06822902414945,10801735316.460266
2019-06-26 00:00:00.000,318.635944657736,11894108469.494308
2019-06-27 00:00:00.000,337.3409578098138,20783128904.669895
2019-06-28 00:00:00.000,295.8416528876357,17565136833.06944
2019-06-29 00:00:00.000,309.949031472406,13481294400.562168
2019-06-30 00:00:00.000,321.43279903776084,15410762009.028484
2019-07-01 00:00:00.000,292.83887601724456,14452227264.203045
2019-07-02 00:00:00.000,295.2558980709613,14541502314.74893
2019-07-03 00:00:00.000,290.9596721071729,13634093714.668394
2019-07-04 00:00:00.000,304.1705424011823,13852646285.058842
2019-07-05 00:00:00.000,285.2194708797813,11865088600.655111
2019-07-06 00:00:00.000,287.98591058443674,12482686164.985281
2019-07-07 00:00:00.000,289.57713834106636,11073979598.076387
2019-07-08 00:00:00.000,305.33625290070216,9431071377.576225
2019-07-09 00:00:00.000,312.4663688290414,11412190952.131702
2019-07-10 00:00:00.000,307.7796837520068,12539512334.617245
2019-07-11 00:00:00.000,290.009967157574,14363666681.915071
2019-07-12 00:00:00.000,268.6352130477999,11259727245.112816
2019-07-13 00:00:00.000,275.80920843487644,9759415139.820307
2019-07-14 00:00:00.000,270.314761247692,8942739616.455101
2019-07-15 00:00:00.000,227.12207268042678,10112411751.87944
2019-07-16 00:00:00.000,230.18019411198864,12728221879.918568
2019-07-17 00:00:00.000,199.94052185387875,11546792446.85422
2019-07-18 00:00:00.000,210.83853712737297,11495306974.325901
2019-07-19 00:00:00.000,226.3035342868679,12224826620.798044
2019-07-20 00:00:00.000,221.11374095039795,9394172336.260527
2019-07-21 00:00:00.000,228.96480408491627,9443236308.126741
2019-07-22 00:00:00.000,226.15340772656594,8668234008.782793
2019-07-23 00:00:00.000,217.65256165832335,9159417328.812357
2019-07-24 00:00:00.000,213.5021516080946,8343544802.577731
2019-07-25 00:00:00.000,217.19777774847861,8036309076.5856
2019-07-26 00:00:00.000,219.48779097276912,8431628740.248658
2019-07-27 00:00:00.000,219.58243262777626,6261416237.370375
2019-07-28 00:00:00.000,206.531772895918,6935857584.275074
2019-07-29 00:00:00.000,211.229753661743,6820635279.878914
2019-07-30 00:00:00.000,210.82351650905207,7155796188.164937
2019-07-31 00:00:00.000,209.64626074112806,6861118022.849301
2019-08-01 00:00:00.000,218.61308553620958,7854507842.961148
2019-08-02 00:00:00.000,216.630420657716,7106350020.545052
2019-08-03 00:00:00.000,217.79546207706508,7476612908.300348
2019-08-04 00:00:00.000,221.41611875255478,7118505874.499466
2019-08-05 00:00:00.000,221.98815294300547,7801234062.836402
2019-08-06 00:00:00.000,232.82368350463972,10565615079.886549
2019-08-07 00:00:00.000,227.02071107575,9971872218.817013
2019-08-08 00:00:00.000,226.4011931773696,9705696057.326073
2019-08-09 00:00:00.000,221.99588620712112,8972857706.734287
2019-08-10 00:00:00.000,210.15361895773407,9017297468.618519
2019-08-11 00:00:00.000,206.50462546838185,7866305403.719613
2019-08-12 00:00:00.000,216.4855805517722,8817555226.301624
2019-08-13 00:00:00.000,211.11314126304725,6858803450.515639
2019-08-14 00:00:00.000,209.26573714761406,7468627796.213287
2019-08-15 00:00:00.000,185.65530058955875,9066370572.253965
2019-08-16 00:00:00.000,188.15278116773473,9569868633.162851
2019-08-17 00:00:00.000,185.15324355177958,9104078191.86573
2019-08-18 00:00:00.000,185.76004109383433,7074381392.731569
2019-08-19 00:00:00.000,194.35736761658467,7608103574.120334
2019-08-20 00:00:00.000,202.95975075968417,7984979710.387964
2019-08-21 00:00:00.000,196.27274728566928,7427661565.776037
2019-08-22 00:00:00.000,187.01618910896025,7533577003.439183
2019-08-23 00:00:00.000,191.52119596772542,8373678956.808694
2019-08-24 00:00:00.000,194.2093873568753,8310335766.427433
2019-08-25 00:00:00.000,190.55575089343063,6816227733.539867
2019-08-26 00:00:00.000,186.32236897942659,6925363690.298179
2019-08-27 00:00:00.000,188.37725745413954,7808973221.715419
2019-08-28 00:00:00.000,186.97068487781738,6715792817.800851
2019-08-29 00:00:00.000,173.02703573027782,6630138918.5056305
2019-08-30 00:00:00.000,168.79916502828434,7553876741.007874
2019-08-31 00:00:00.000,168.6708883739598,6149887965.938229
2019-09-01 00:00:00.000,172.07296929356409,6422265680.054329
2019-09-02 00:00:00.000,170.72754514461607,5582323205.083545
2019-09-03 00:00:00.000,177.71647895327314,6929999813.24363
2019-09-04 00:00:00.000,178.82647784328285,6839270834.390837
2019-09-05 00:00:00.000,174.77627554812665,6753228074.432234
2019-09-06 00:00:00.000,174.1938100520476,6972203243.611649
2019-09-07 00:00:00.000,169.42286694793444,7990465595.274032
2019-09-08 00:00:00.000,177.85258889110943,7289035615.537996
2019-09-09 00:00:00.000,181.4839320522675,7427353150.500337
2019-09-10 00:00:00.000,181.01465623196765,8230569258.881535
2019-09-11 00:00:00.000,180.1493915298145,6808322892.822258
2019-09-12 00:00:00.000,178.08294980618456,7572468713.673471
2019-09-13 00:00:00.000,181.010836085851,6514468640.712693
2019-09-14 00:00:00.000,181.2119450035023,6577694623.403602
2019-09-15 00:00:00.000,188.30568158376607,7236471987.494058
2019-09-16 00:00:00.000,189.25504633546134,6872781110.7933855
2019-09-17 00:00:00.000,197.60691638393752,8404868032.960358
2019-09-18 00:00:00.000,209.21116304181604,10534577182.03602
2019-09-19 00:00:00.000,210.24907372866744,10026926701.837385
2019-09-20 00:00:00.000,221.74292599489385,11660216013.817453
2019-09-21 00:00:00.000,217.95344382394939,8563835819.843909
2019-09-22 00:00:00.000,215.34523960456264,8291876955.773469
2019-09-23 00:00:00.000,211.61753840452246,8770978542.694231
2019-09-24 00:00:00.000,201.00337752581868,8336808955.502666
2019-09-25 00:00:00.000,168.67357964603033,11738404290.834139
2019-09-26 00:00:00.000,170.28886769224317,10971536373.46625
2019-09-27 00:00:00.000,166.21680322909975,8887474208.578917
2019-09-28 00:00:00.000,173.90494900595044,7741411781.909645
2019-09-29 00:00:00.000,174.07970541243265,8420640752.534281
2019-09-30 00:00:00.000,169.6894747522977,6622811335.857158
2019-10-01 00:00:00.000,179.75716197925505,8531793896.531498
2019-10-02 00:00:00.000,180.63244082835516,7030264696.061253
2019-10-03 00:00:00.000,180.57893058773016,7011073715.725833
2019-10-04 00:00:00.000,176.85852555342686,6571609557.977975
2019-10-05 00:00:00.000,175.86315365350248,6788268823.555099
2019-10-06 00:00:00.000,176.2772565733896,6878002599.189638
2019-10-07 00:00:00.000,170.44710628243018,6183872973.064911
2019-10-08 00:00:00.000,180.14424760253544,8651483187.380627
2019-10-09 00:00:00.000,180.78979326727546,7965287586.524669
2019-10-10 00:00:00.000,193.33993781390976,9901588880.945726
2019-10-11 00:00:00.000,191.04108656991255,8489850464.079381
2019-10-12 00:00:00.000,180.55244905183102,9464732026.7697
2019-10-13 00:00:00.000,179.94653567610214,7092415247.875073
2019-10-14 00:00:00.000,181.2872472944888,7218077682.306935
2019-10-15 00:00:00.000,186.61606753146776,6948746949.167441
2019-10-16 00:00:00.000,180.74563079187547,7255387196.496509
2019-10-17 00:00:00.000,175.05406935469742,7574783773.934067
2019-10-18 00:00:00.000,177.4769186344818,6589528029.318176
2019-10-19 00:00:00.000,172.88626058117322,8019508916.141182
2019-10-20 00:00:00.000,171.85241043187662,6653033262.426412
2019-10-21 00:00:00.000,175.21210857661558,7186266521.867684
2019-10-22 00:00:00.000,174.35449608806442,6738537534.893596
2019-10-23 00:00:00.000,171.4265472158501,6863039381.640138
2019-10-24 00:00:00.000,161.5840435929357,8423014823.046386
2019-10-25 00:00:00.000,160.67839136074096,7385746457.861195
2019-10-26 00:00:00.000,181.45319156222183,11568719162.372278
2019-10-27 00:00:00.000,179.53527008259897,13413299279.150604
2019-10-28 00:00:00.000,183.58089983827585,11927463512.844177
2019-10-29 00:00:00.000,181.86179987269554,10802432065.022448
2019-10-30 00:00:00.000,190.50596091786502,10858105798.943794
2019-10-31 00:00:00.000,183.13375148673262,10475563029.033878
2019-11-01 00:00:00.000,182.75570124695298,10677408737.976376
2019-11-02 00:00:00.000,183.064191451962,8966993687.026836
2019-11-03 00:00:00.000,183.21568174708486,17556115439.989822
2019-11-04 00:00:00.000,181.8244399622803,15978664590.342894
2019-11-05 00:00:00.000,185.76433086001398,10711288571.709585
2019-11-06 00:00:00.000,189.16575518025138,10976995833.162132
2019-11-07 00:00:00.000,191.3004004540056,10229062756.046371
2019-11-08 00:00:00.000,186.81653195658674,8952840250.325546
2019-11-09 00:00:00.000,183.6736227613274,9317711239.968254
2019-11-10 00:00:00.000,184.95814543107952,7371484625.797002
2019-11-11 00:00:00.000,189.04498222352015,9145731474.140394
2019-11-12 00:00:00.000,184.839873654298,8436450179.250551
2019-11-13 00:00:00.000,186.8659398462863,7224692515.135974
2019-11-14 00:00:00.000,187.84288849379362,7174004374.33889
2019-11-15 00:00:00.000,184.78830689468228,8007041886.640145
2019-11-16 00:00:00.000,180.16871140792335,9104427564.529264
2019-11-17 00:00:00.000,182.63065416042576,7196313424.600481
2019-11-18 00:00:00.000,183.9879638750186,6738152838.897733
2019-11-19 00:00:00.000,178.3855993731378,8026165759.571411
2019-11-20 00:00:00.000,175.8204845763924,7790094393.890497
2019-11-21 00:00:00.000,174.80445727797053,6713792276.519455
2019-11-22 00:00:00.000,161.15147727923085,8718872247.235916
2019-11-23 00:00:00.000,149.92569206419535,12883154422.38589
2019-11-24 00:00:00.000,151.96608493452732,7399048990.785586
2019-11-25 00:00:00.000,140.24681084120735,7849310718.476399
2019-11-26 00:00:00.000,146.34618694453036,9382188064.705387
2019-11-27 00:00:00.000,147.57506848968612,7520914600.00864
2019-11-28 00:00:00.000,152.615068348219,8634745624.644365
2019-11-29 00:00:00.000,150.91034572010813,6528542635.067198
2019-11-30 00:00:00.000,154.25530586508248,7145810322.087986
2019-12-01 00:00:00.000,151.73585404476006,5436245310.980454
2019-12-02 00:00:00.000,151.02315688624967,6544172474.357911
2019-12-03 00:00:00.000,148.86726798663648,5011809194.132204
2019-12-04 00:00:00.000,147.12795176955626,5245524511.511721
2019-12-05 00:00:00.000,145.40170953026762,7074240395.510329
2019-12-06 00:00:00.000,147.79749210977155,6421963684.296958
2019-12-07 00:00:00.000,148.60569815279229,5806189343.207808
2019-12-08 00:00:00.000,147.1457864691915,4749924969.069943
2019-12-09 00:00:00.000,150.2924488050236,6027777721.176993
2019-12-10 00:00:00.000,147.42926132729735,5789441263.561269
2019-12-11 00:00:00.000,145.56867918491014,6047605226.725084
2019-12-12 00:00:00.000,143.12297867633916,5883082276.821148
2019-12-13 00:00:00.000,145.02592545573296,6766489316.62679
2019-12-14 00:00:00.000,144.6187808332106,5946736085.342134
2019-12-15 00:00:00.000,141.84486515951662,6322939248.375952
2019-12-16 00:00:00.000,142.21086918955265,6837194965.911324
2019-12-17 00:00:00.000,132.72274321129302,8956132139.815428
2019-12-18 00:00:00.000,121.770107290006,9871891691.072153
2019-12-19 00:00:00.000,132.74136111736684,11532439096.28435
2019-12-20 00:00:00.000,128.0791538700726,7865020994.018279
2019-12-21 00:00:00.000,128.2701941791178,5979828257.7039175
2019-12-22 00:00:00.000,126.93287325611249,4862554350.74467
2019-12-23 00:00:00.000,132.17746965077103,7466406124.29696
2019-12-24 00:00:00.000,128.16997170630987,8703094374.30469
2019-12-25 00:00:00.000,127.72559890360142,7694981359.909612
2019-12-26 00:00:00.000,125.01870585042732,6446543347.919613
2019-12-27 00:00:00.000,125.61458431453704,7594710628.052688
2019-12-28 00:00:00.000,126.32718018933488,7290590722.529487
2019-12-29 00:00:00.000,128.0669874384903,6709535782.463888
2019-12-30 00:00:00.000,134.3236471998861,6514129764.108342
2019-12-31 00:00:00.000,131.4621363838881,8424570388.279623
2020-01-01 00:00:00.000,129.18638529253852,7103187150.687103
2020-01-02 00:00:00.000,130.4846850311141,6623732040.964472
2020-01-03 00:00:00.000,127.04525801179804,6497297884.22486
2020-01-04 00:00:00.000,133.70264861844188,9655245099.720835
2020-01-05 00:00:00.000,134.1368826978575,6958393690.018681
2020-01-06 00:00:00.000,135.00571364233375,7260645128.406949
2020-01-07 00:00:00.000,143.80639795566535,9514201882.396584
2020-01-08 00:00:00.000,143.019432264986,9440938787.519835
2020-01-09 00:00:00.000,140.27393527388705,10095847759.294762
2020-01-10 00:00:00.000,137.86055928182662,7280640218.292043
2020-01-11 00:00:00.000,144.6047743464792,10273370788.312328
2020-01-12 00:00:00.000,142.18233327497873,9737605323.282524
2020-01-13 00:00:00.000,145.42287633530452,8488793477.5950365
2020-01-14 00:00:00.000,143.58796905036286,8019794567.486078
2020-01-15 00:00:00.000,165.99143854583525,18970204899.197784
2020-01-16 00:00:00.000,166.2530969048888,17862385531.73745
2020-01-17 00:00:00.000,163.80590111423027,14605493158.53319
2020-01-18 00:00:00.000,171.15621787671842,15915322019.78247
2020-01-19 00:00:00.000,174.23837318258896,15808136411.02366
2020-01-20 00:00:00.000,166.6271059505621,14003433869.000366
2020-01-21 00:00:00.000,166.93852805776982,10983216126.222286
2020-01-22 00:00:00.000,169.27993585839258,8267420452.9121065
2020-01-23 00:00:00.000,167.8265296405669,8809189828.884594
2020-01-24 00:00:00.000,162.51937110634034,9017537604.34573
2020-01-25 00:00:00.000,162.40947975163584,11043498594.604164
2020-01-26 00:00:00.000,160.6736108617405,8673816085.484137
2020-01-27 00:00:00.000,167.6474095857562,10518901915.39258
2020-01-28 00:00:00.000,169.7364357354222,12435457692.695446
2020-01-29 00:00:00.000,175.19000305345378,14300512538.139254
2020-01-30 00:00:00.000,173.70688823620796,15565369994.796808
2020-01-31 00:00:00.000,184.72621843141044,18170945326.39071
2020-02-01 00:00:00.000,179.22910385240368,18506953476.934044
2020-02-02 00:00:00.000,183.33693755210257,19083817630.29935
2020-02-03 00:00:00.000,188.55064179431113,21543158277.49522
2020-02-04 00:00:00.000,189.86176346298166,23519056716.26084
2020-02-05 00:00:00.000,188.84220736948276,21734656893.64477
2020-02-06 00:00:00.000,203.8593183747095,27708721578.171207
2020-02-07 00:00:00.000,212.73341421352782,30730370695.67516
2020-02-08 00:00:00.000,223.27631974791998,34073387340.7219
2020-02-09 00:00:00.000,223.30077697426225,35852075948.97941
2020-02-10 00:00:00.000,228.29226083217347,37065973224.819984
2020-02-11 00:00:00.000,224.14699652028605,40180881296.506096
2020-02-12 00:00:00.000,236.78534852972567,17260236147.946793
2020-02-13 00:00:00.000,264.03276824299627,25083848405.774593
2020-02-14 00:00:00.000,267.6704445042514,31919298278.23887
2020-02-15 00:00:00.000,284.2318914741183,32486783383.59592
2020-02-16 00:00:00.000,263.8999463915962,31021139510.840595
2020-02-17 00:00:00.000,262.1562443168135,26307305450.095947
2020-02-18 00:00:00.000,267.9356656159883,28621805406.267815
2020-02-19 00:00:00.000,281.9457403055278,33038477053.26572
2020-02-20 00:00:00.000,259.1838037480287,24634102799.07547
2020-02-21 00:00:00.000,257.9883953048601,34355959852.746918
2020-02-22 00:00:00.000,265.1644591338591,18672669187.760765
2020-02-23 00:00:00.000,260.99654013152536,14860160863.37393
2020-02-24 00:00:00.000,274.6312157785517,15734092874.96997
2020-02-25 00:00:00.000,265.2421912203732,21019871769.54907
2020-02-26 00:00:00.000,248.31738139395102,15216321566.877127
2020-02-27 00:00:00.000,224.81050829744677,20470479538.054836
2020-02-28 00:00:00.000,225.42971511683754,23994578699.806026
2020-02-29 00:00:00.000,227.70528448376498,19715536659.914295
2020-03-01 00:00:00.000,218.34835692985286,13967572974.821035
2020-03-02 00:00:00.000,218.93979697447656,16557363028.554333
2020-03-03 00:00:00.000,231.67944604592213,18301098060.91034
2020-03-04 00:00:00.000,223.96011601810258,19133763158.937866
2020-03-05 00:00:00.000,224.13487737180202,14844945103.395332
2020-03-06 00:00:00.000,228.0809351016884,16056678004.768778
2020-03-07 00:00:00.000,244.23846951978683,16938887970.316448
2020-03-08 00:00:00.000,237.38079020191347,15033855133.023136
2020-03-09 00:00:00.000,198.81964228768578,18839637103.648037
2020-03-10 00:00:00.000,200.84687148188746,17900321700.644154
2020-03-11 00:00:00.000,200.74903854851766,10622282127.512653
2020-03-12 00:00:00.000,194.21794124025206,14699687559.439268
2020-03-13 00:00:00.000,110.5978978308351,17357843633.111378
2020-03-14 00:00:00.000,132.57285770180832,24412190319.85676
2020-03-15 00:00:00.000,123.030844108903,8678897518.712492
2020-03-16 00:00:00.000,124.60342553062202,10971643911.795376
2020-03-17 00:00:00.000,110.99159845334059,11161656313.89003
2020-03-18 00:00:00.000,117.21704138518466,10514054745.732649
2020-03-19 00:00:00.000,117.7004246469663,9829287702.00789
2020-03-20 00:00:00.000,136.81187578973578,13910341816.437582
2020-03-21 00:00:00.000,131.96469397290025,16267979993.668526
2020-03-22 00:00:00.000,131.94321845316688,12633534610.010733
2020-03-23 00:00:00.000,122.5205987665882,10177508398.873247
2020-03-24 00:00:00.000,135.58865798037067,11596650460.730272
2020-03-25 00:00:00.000,138.77657127268222,12119249137.978954
2020-03-26 00:00:00.000,136.23392142176775,10616935307.838089
2020-03-27 00:00:00.000,138.76693759902926,7749490793.658535
2020-03-28 00:00:00.000,130.2865618875773,10183491264.54011
2020-03-29 00:00:00.000,131.42405214081145,11067855577.856102
2020-03-30 00:00:00.000,125.31887451568916,7718875104.828544
2020-03-31 00:00:00.000,132.36373895414985,8469234427.790874
2020-04-01 00:00:00.000,133.2364468438201,7869741296.803818
2020-04-02 00:00:00.000,136.21638557312852,7848601147.336895
2020-04-03 00:00:00.000,141.4537053523866,13645052823.766476
2020-04-04 00:00:00.000,141.26154326644877,11621521038.709623
2020-04-05 00:00:00.000,144.200802681986,9863619646.24454
2020-04-06 00:00:00.000,142.8508834648482,8271697077.94318
2020-04-07 00:00:00.000,169.85504979336824,15337221519.354977
2020-04-08 00:00:00.000,164.5160197107307,16711178690.848326
2020-04-09 00:00:00.000,172.80356826747519,12116309211.63937
2020-04-10 00:00:00.000,170.09510352387568,11971791025.372421
2020-04-11 00:00:00.000,157.74015800780134,14135915530.589357
2020-04-12 00:00:00.000,158.32787794181905,11128989594.360977
2020-04-13 00:00:00.000,158.8638257195104,13002801329.50846
2020-04-14 00:00:00.000,156.70135879140688,13286483792.048328
2020-04-15 00:00:00.000,158.26715118298955,11468431211.774742
2020-04-16 00:00:00.000,153.2228636800284,8578826590.313573
2020-04-17 00:00:00.000,171.7759907508837,17430629608.3789
2020-04-18 00:00:00.000,170.445890477055,15220772945.895311
2020-04-19 00:00:00.000,187.14354411560592,14284812698.801844
2020-04-20 00:00:00.000,180.05859654051866,13763176713.456295
2020-04-21 00:00:00.000,170.70405868653958,15901061387.704433
2020-04-22 00:00:00.000,170.45154288047368,12178214643.078756
2020-04-23 00:00:00.000,182.2767576620704,14853382137.991045
2020-04-24 00:00:00.000,184.59370248021838,6903118239.477871
2020-04-25 00:00:00.000,187.34336861419638,13419651870.125168
2020-04-26 00:00:00.000,194.11423682570447,14452583265.899439
2020-04-27 00:00:00.000,197.22990444623989,13530756223.951258
2020-04-28 00:00:00.000,196.46262535084685,17659706480.60195
2020-04-29 00:00:00.000,197.15473156634306,14644384537.090769
2020-04-30 00:00:00.000,215.54817266567386,20966892392.04868
2020-05-01 00:00:00.000,205.55600541063674,23630952297.4432
2020-05-02 00:00:00.000,211.96829534904975,17137878522.355497
2020-05-03 00:00:00.000,213.94301121407548,14287655444.044804
2020-05-04 00:00:00.000,210.02470947464775,16158461349.767452
2020-05-05 00:00:00.000,206.8325342346069,17901489283.101368
2020-05-06 00:00:00.000,205.22517973985205,14345915703.711891
2020-05-07 00:00:00.000,200.25479450009442,18128961143.16994
2020-05-08 00:00:00.000,212.29247620086525,15142506242.294548
2020-05-09 00:00:00.000,211.68904835113835,18337241719.88773
2020-05-10 00:00:00.000,210.4318181376063,15514402336.324596
2020-05-11 00:00:00.000,188.13722615896586,19756507796.247448
2020-05-12 00:00:00.000,185.67471809740294,18768379406.38769
2020-05-13 00:00:00.000,189.30578181851274,13706747451.019007
2020-05-14 00:00:00.000,199.36937254304945,13403589148.76194
2020-05-15 00:00:00.000,203.21124699378416,18153298514.018234
2020-05-16 00:00:00.000,194.27309778153102,13130818660.241241
2020-05-17 00:00:00.000,200.58339090310048,11676763398.063229
2020-05-18 00:00:00.000,206.76889403683904,13449821514.26736
2020-05-19 00:00:00.000,214.35764164526782,13342260442.297512
2020-05-20 00:00:00.000,213.68672021176667,10220660537.90651
2020-05-21 00:00:00.000,209.9207882888633,10429639020.80288
2020-05-22 00:00:00.000,198.9175157507187,8110302356.370864
2020-05-23 00:00:00.000,206.22772963994552,10636959193.321962
2020-05-24 00:00:00.000,206.4112069583191,8524288901.148943
2020-05-25 00:00:00.000,200.69072858230618,10782742329.00735
2020-05-26 00:00:00.000,203.81011834234977,9317131818.625378
2020-05-27 00:00:00.000,200.96361540675866,8593529312.403248
2020-05-28 00:00:00.000,207.84589389085414,8773050350.183073
2020-05-29 00:00:00.000,219.59156405880168,12329460719.291054
2020-05-30 00:00:00.000,220.49116734603788,10335270102.499737
2020-05-31 00:00:00.000,242.70977026782677,13546265992.193748
2020-06-01 00:00:00.000,232.33100303896677,10887047331.601736
2020-06-02 00:00:00.000,248.04456658448655,12532381844.259752
2020-06-03 00:00:00.000,237.26532012867918,11228877888.97363
2020-06-04 00:00:00.000,244.1253366100756,9023955445.45879
2020-06-05 00:00:00.000,243.70782131595863,10063518956.568722
2020-06-06 00:00:00.000,240.24696898765103,8222827212.494165
2020-06-07 00:00:00.000,242.02164036721499,7581565794.828065
2020-06-08 00:00:00.000,244.22674439497985,9398819027.550787
2020-06-09 00:00:00.000,246.21278326044262,8129322897.065843
2020-06-10 00:00:00.000,243.8495266518988,8592468949.874516
2020-06-11 00:00:00.000,247.5419715295243,7584308101.602023
2020-06-12 00:00:00.000,232.00078536182022,12109538778.82486
2020-06-13 00:00:00.000,237.59341087744238,9191505535.416174
2020-06-14 00:00:00.000,238.29362910089247,6588386730.111501
2020-06-15 00:00:00.000,232.11252047744935,6517043494.317247
2020-06-16 00:00:00.000,231.0170115525279,9539612843.334753
2020-06-17 00:00:00.000,235.28847948297147,6857067974.879582
2020-06-18 00:00:00.000,233.8636184621818,6079869078.290233
2020-06-19 00:00:00.000,231.68485732135008,6063250096.3478
2020-06-20 00:00:00.000,228.9592128032193,6840801770.229276
2020-06-21 00:00:00.000,228.8691487972198,5400222130.457475
2020-06-22 00:00:00.000,227.79190590968685,4995955268.45639
2020-06-23 00:00:00.000,243.36470999245498,5973345536.2072935
2020-06-24 00:00:00.000,243.07948223903702,6291513184.395153
2020-06-25 00:00:00.000,234.5649846444734,8149316604.925404
2020-06-26 00:00:00.000,232.64870349961575,6321009243.432307
2020-06-27 00:00:00.000,229.6365260272679,6513998360.988546
2020-06-28 00:00:00.000,221.0260852973422,6164981016.058191
2020-06-29 00:00:00.000,225.12294616525017,5641785424.366106
2020-06-30 00:00:00.000,228.20576377381224,5792207632.621344
2020-07-01 00:00:00.000,225.59281496891896,5282884955.518924
2020-07-02 00:00:00.000,230.66194359094902,5307320170.136238
2020-07-03 00:00:00.000,226.57442434030435,4427853855.208807
2020-07-04 00:00:00.000,225.1764054804081,4553181088.144414
2020-07-05 00:00:00.000,229.09471646218861,4910504255.511211
2020-07-06 00:00:00.000,227.8993750381917,5250547694.457692
2020-07-07 00:00:00.000,241.52685187431663,7214622724.058187
2020-07-08 00:00:00.000,238.96448054067793,6390063707.992301
2020-07-09 00:00:00.000,246.85900786802029,6855809513.431496
2020-07-10 00:00:00.000,241.97512857897888,5454877568.354481
2020-07-11 00:00:00.000,240.95495378293265,4948468762.536561
2020-07-12 00:00:00.000,239.10202554671358,4350900773.68197
2020-07-13 00:00:00.000,241.7715226007061,5293860444.738397
2020-07-14 00:00:00.000,239.63878681174097,5773853723.2969055
2020-07-15 00:00:00.000,240.25147066847245,4794731175.010703
2020-07-16 00:00:00.000,238.66359720631723,4622070139.084404
2020-07-17 00:00:00.000,233.837074562722,4836661397.807636
2020-07-18 00:00:00.000,232.78147743826054,4344879745.807146
2020-07-19 00:00:00.000,235.6811447764246,4349365185.3359585
2020-07-20 00:00:00.000,238.89523167867932,4452847140.177009
2020-07-21 00:00:00.000,236.06009844538684,5152984578.126705
2020-07-22 00:00:00.000,245.23373502634252,5121955556.196016
2020-07-23 00:00:00.000,263.7624639660021,6556501920.467992
2020-07-24 00:00:00.000,274.7236202591814,7634745874.600546
2020-07-25 00:00:00.000,279.42705624758224,7547527176.1284075
2020-07-26 00:00:00.000,305.0381394111965,10358352414.143063
2020-07-27 00:00:00.000,310.51799095173624,10227817625.90999
2020-07-28 00:00:00.000,320.47619130968184,15060479190.224041
2020-07-29 00:00:00.000,316.4067660520556,12462060871.173037
2020-07-30 00:00:00.000,317.5390729161191,10343143710.27412
2020-07-31 00:00:00.000,334.7419220365616,10534706857.54779
2020-08-01 00:00:00.000,346.00350607288686,11638423647.390888
2020-08-02 00:00:00.000,387.94242117124685,15379516251.5158
2020-08-03 00:00:00.000,370.7323024312388,15202899455.056835
2020-08-04 00:00:00.000,386.24744771780877,11174150665.410692
2020-08-05 00:00:00.000,389.3830083498991,12113993540.45853
2020-08-06 00:00:00.000,400.18436250317995,10578439440.459143
2020-08-07 00:00:00.000,394.5417454611831,11175559421.02824
2020-08-08 00:00:00.000,379.1351558498163,12469778424.949451
2020-08-09 00:00:00.000,391.47843864211467,7446547697.815684
2020-08-10 00:00:00.000,389.62293111291143,5940323179.041791
2020-08-11 00:00:00.000,395.20991365718925,12717549263.402819
2020-08-12 00:00:00.000,379.17476395275435,13124713653.81531
2020-08-13 00:00:00.000,387.50053082397886,12808587803.77308
2020-08-14 00:00:00.000,427.49026536796873,17422050835.673008
2020-08-15 00:00:00.000,438.7625874702974,15546677422.815374
2020-08-16 00:00:00.000,432.6546652389318,10265309385.857273
2020-08-17 00:00:00.000,433.43186093211244,12680404379.026093
2020-08-18 00:00:00.000,430.03250508972275,11697848303.8365
2020-08-19 00:00:00.000,422.10665286599425,12062999738.137259
2020-08-20 00:00:00.000,406.5744691821068,12854733824.945929
2020-08-21 00:00:00.000,416.46977582279794,10564357237.821798
2020-08-22 00:00:00.000,386.8238914189483,12518435194.162006
2020-08-23 00:00:00.000,395.88501828908585,10612983427.483643
2020-08-24 00:00:00.000,390.7891350477376,9775318835.217514
2020-08-25 00:00:00.000,408.2691456317229,11007565809.594412
2020-08-26 00:00:00.000,383.66214311829924,12857413913.19107
2020-08-27 00:00:00.000,385.75249987492117,10454041361.377256
2020-08-28 00:00:00.000,381.8376513210842,10466849103.532475
2020-08-29 00:00:00.000,395.1382132386204,10196208352.394411
2020-08-30 00:00:00.000,399.374543834064,9631959320.390598
2020-08-31 00:00:00.000,428.2956791635218,12945668314.960146
2020-09-01 00:00:00.000,435.6930232991007,14228693735.746506
2020-09-02 00:00:00.000,475.6846642626859,18804560687.28111
2020-09-03 00:00:00.000,439.35376021531494,19315593282.634296
2020-09-04 00:00:00.000,383.6915311779978,17364384113.17322
2020-09-05 00:00:00.000,387.9040290939166,10260946593.268202
2020-09-06 00:00:00.000,334.46859301354317,22254663654.420143
2020-09-07 00:00:00.000,352.99300214607035,21920007828.96099
2020-09-08 00:00:00.000,351.8778602923998,14769191933.857542
2020-09-09 00:00:00.000,337.84505193506857,14799132842.838894
2020-09-10 00:00:00.000,351.2322670832359,13120851004.434223
2020-09-11 00:00:00.000,367.63892881000675,74747424441.3974
2020-09-12 00:00:00.000,373.9149059897517,12937594458.734825
2020-09-13 00:00:00.000,387.72351629002264,11465259432.878637
2020-09-14 00:00:00.000,365.695506306262,13172306578.937866
2020-09-15 00:00:00.000,376.394561113407,14124838468.354868
2020-09-16 00:00:00.000,364.6900450860686,12209389923.086823
2020-09-17 00:00:00.000,365.13055081164816,13298202038.469078
2020-09-18 00:00:00.000,388.7974562319938,16748693289.537083
2020-09-19 00:00:00.000,383.17286599152135,9883257470.927006
2020-09-20 00:00:00.000,385.4721234936851,11046298234.18736
2020-09-21 00:00:00.000,370.9678951624775,11369621273.059267
2020-09-22 00:00:00.000,341.27713087183076,14837815989.716738
2020-09-23 00:00:00.000,343.9175471009491,11967106210.545612
2020-09-24 00:00:00.000,321.0774351739628,9839917613.109154
2020-09-25 00:00:00.000,348.8210199785493,12209550797.233208
2020-09-26 00:00:00.000,351.3315670221176,10740036294.329079
2020-09-27 00:00:00.000,354.2615819143104,10859942552.210592
2020-09-28 00:00:00.000,357.0664364067552,9973839924.612421
2020-09-29 00:00:00.000,354.4295835375506,9818467156.628036
2020-09-30 00:00:00.000,359.4260895383702,9708794838.84551
2020-10-01 00:00:00.000,359.59898475085777,8037484324.980594
2020-10-02 00:00:00.000,353.1978481381707,11835729247.851833
2020-10-03 00:00:00.000,345.9125682279143,12194440257.52427
2020-10-04 00:00:00.000,345.99246319342933,8933121301.40709
2020-10-05 00:00:00.000,352.4588065039611,8905022839.294907
2020-10-06 00:00:00.000,353.6044273109067,9285381014.80383
2020-10-07 00:00:00.000,340.6160218128092,10280978397.300406
2020-10-08 00:00:00.000,341.4437964782809,8044228155.819704
2020-10-09 00:00:00.000,350.0556765681245,9330978624.154116
2020-10-10 00:00:00.000,365.33944481939363,11301702589.430536
2020-10-11 00:00:00.000,370.4718109734285,10673988207.878847
2020-10-12 00:00:00.000,374.4970150925736,8000631027.644073
2020-10-13 00:00:00.000,387.25555835657167,12458841248.929943
2020-10-14 00:00:00.000,381.16877389892255,9741612768.02954
2020-10-15 00:00:00.000,379.21025376092774,10673398919.618017
2020-10-16 00:00:00.000,377.15868107868175,10155629419.116392
2020-10-17 00:00:00.000,365.9906423831468,9375570544.203642
2020-10-18 00:00:00.000,368.6504703636898,8087278469.473757
2020-10-19 00:00:00.000,378.0493653237596,7527761590.194419
2020-10-20 00:00:00.000,379.6394773321801,8995049004.81075
2020-10-21 00:00:00.000,368.2270142350454,7492023938.775781
2020-10-22 00:00:00.000,391.16674217757225,12728437763.916903
2020-10-23 00:00:00.000,413.2018903361906,12229478488.701916
2020-10-24 00:00:00.000,408.88948864371923,11171063368.78023
2020-10-25 00:00:00.000,411.95921775305027,9333976948.222593
2020-10-26 00:00:00.000,406.157094148215,8489563012.362298
2020-10-27 00:00:00.000,393.38290839224464,14982520071.004465
2020-10-28 00:00:00.000,403.529837833562,10384433736.852089
2020-10-29 00:00:00.000,388.87733988207765,11312414332.858248
2020-10-30 00:00:00.000,386.4460129872924,10294153382.842941
2020-10-31 00:00:00.000,382.9007710380906,10598788554.534933
2020-11-01 00:00:00.000,385.8445887975079,9009356073.612816
2020-11-02 00:00:00.000,394.9363420491719,8655139278.000864
2020-11-03 00:00:00.000,383.8498034220404,8492071098.35507
2020-11-04 00:00:00.000,387.616373722075,9513314551.14123
2020-11-05 00:00:00.000,401.7330968324722,11648560618.489246
2020-11-06 00:00:00.000,415.9277704309719,13606373470.76514
2020-11-07 00:00:00.000,454.6515430984697,16264349016.82086
2020-11-08 00:00:00.000,435.4183540833094,15146746571.79792
2020-11-09 00:00:00.000,455.3583669721691,11155033976.455217
2020-11-10 00:00:00.000,445.0512933420698,12036099592.129189
2020-11-11 00:00:00.000,449.8161845012962,7873172432.585956
2020-11-12 00:00:00.000,463.18087172032307,11456937853.526192
2020-11-13 00:00:00.000,462.2056195794902,11096201853.108873
2020-11-14 00:00:00.000,475.9690936576015,10814357418.247974
2020-11-15 00:00:00.000,462.7183970607933,9774490045.968235
2020-11-16 00:00:00.000,449.2068016397434,8946780761.302334
2020-11-17 00:00:00.000,461.3711967052673,9874800384.414816
2020-11-18 00:00:00.000,482.1983847235396,12534266981.990389
2020-11-19 00:00:00.000,479.43766136247405,15390748756.847664
2020-11-20 00:00:00.000,471.31795839441156,10960245344.173328
2020-11-21 00:00:00.000,508.79221458524455,15567496836.779345
2020-11-22 00:00:00.000,548.842116249849,17270632325.076218
2020-11-23 00:00:00.000,560.5088874583059,20803203330.719395
2020-11-24 00:00:00.000,608.2733109189421,22868894446.116894
2020-11-25 00:00:00.000,602.6662623938871,19964356486.3813
2020-11-26 00:00:00.000,568.2751530404493,15178975818.650188
2020-11-27 00:00:00.000,518.4670452162002,25993581649.401203
2020-11-28 00:00:00.000,517.5530264056014,14714678172.404446
2020-11-29 00:00:00.000,537.3926120944484,9637463879.915295
2020-11-30 00:00:00.000,574.7511196548439,13623124682.204208
2020-12-01 00:00:00.000,612.2637856122055,18811269166.61186
2020-12-02 00:00:00.000,589.5818443540976,23557071520.39523
2020-12-03 00:00:00.000,598.760610095824,14839044995.297548
2020-12-04 00:00:00.000,616.506661565682,12249197831.015257
2020-12-05 00:00:00.000,571.1904316349736,14326184164.36095
2020-12-06 00:00:00.000,595.9194139680376,11764206188.844515
2020-12-07 00:00:00.000,601.9689349244918,11453823478.195438
2020-12-08 00:00:00.000,592.3865066820175,10010900862.848228
2020-12-09 00:00:00.000,554.329674302381,13501656447.613894
2020-12-10 00:00:00.000,573.8953091099941,14024278560.088686
2020-12-11 00:00:00.000,560.4542654076048,11590043392.322668
2020-12-12 00:00:00.000,545.9828352633687,11334198380.977062
2020-12-13 00:00:00.000,568.3587534073821,9511330147.764025
2020-12-14 00:00:00.000,590.3244403029342,9082894202.250328
2020-12-15 00:00:00.000,585.5418949360015,7794572085.232029
2020-12-16 00:00:00.000,589.0668316450424,10160486192.82214
2020-12-17 00:00:00.000,635.9618893796135,14781462845.092134
2020-12-18 00:00:00.000,644.0652701929779,19729196033.853626
2020-12-19 00:00:00.000,654.4204162965752,16512361338.574877
2020-12-20 00:00:00.000,659.3188076372094,14703775003.28234
2020-12-21 00:00:00.000,639.5154368778184,12845420666.191206
2020-12-22 00:00:00.000,610.4270278980672,14563648896.243877
2020-12-23 00:00:00.000,634.9797234431858,11548425748.838194
2020-12-24 00:00:00.000,587.9588954992439,16795838161.84157
2020-12-25 00:00:00.000,612.8796570505974,15132872519.529186
2020-12-26 00:00:00.000,626.4567387784558,13125875205.90394
2020-12-27 00:00:00.000,636.7423171944997,14640527408.48169
2020-12-28 00:00:00.000,689.6598573269875,24721301579.88044
2020-12-29 00:00:00.000,732.9570292975275,22707049400.143177
2020-12-30 00:00:00.000,735.5908981625738,17170428247.761232
2020-12-31 00:00:00.000,752.8559324490188,13293869466.928808
2021-01-01 00:00:00.000,738.6169381520413,18166112097.655663
2021-01-02 00:00:00.000,730.1473402196374,13843183079.15519
2021-01-03 00:00:00.000,777.6960653039432,20443662605.68775
2021-01-04 00:00:00.000,967.0005967288458,140906534190.58786
2021-01-05 00:00:00.000,1025.6547675669035,62285144708.39812
2021-01-06 00:00:00.000,1103.3582516225742,47148245967.40434
2021-01-07 00:00:00.000,1208.5750928728885,47886847354.00142
2021-01-08 00:00:00.000,1229.4713150147782,43042878463.81648
2021-01-09 00:00:00.000,1223.7296883535275,48132624602.86217
2021-01-10 00:00:00.000,1282.979575527323,34851118090.66404
2021-01-11 00:00:00.000,1267.7310031512136,44541377224.12463
2021-01-12 00:00:00.000,1092.9143378806064,67107873698.86543
2021-01-13 00:00:00.000,1045.406815230412,37495863245.02223
2021-01-14 00:00:00.000,1132.0155910164729,32166268470.073753
2021-01-15 00:00:00.000,1216.9147884634556,34339866026.50668
2021-01-16 00:00:00.000,1171.8600177046465,39499008134.408424
2021-01-17 00:00:00.000,1234.6318700828049,38277998837.56892
2021-01-18 00:00:00.000,1229.379698072007,35508914212.36928
2021-01-19 00:00:00.000,1255.976691513213,30802895108.229195
2021-01-20 00:00:00.000,1383.4840902277115,52274850962.437416
2021-01-21 00:00:00.000,1385.8529958752583,52021227614.32531
2021-01-22 00:00:00.000,1122.912432537305,49658518028.423325
2021-01-23 00:00:00.000,1236.6834427536564,48657448380.08583
2021-01-24 00:00:00.000,1231.176379704471,30774910632.149376
2021-01-25 00:00:00.000,1392.5397634449737,39913977039.25946
2021-01-26 00:00:00.000,1323.4295031020106,44124188232.248085
2021-01-27 00:00:00.000,1355.233724240999,40367492548.543144
2021-01-28 00:00:00.000,1253.141671558609,38752412145.036766
2021-01-29 00:00:00.000,1328.773619066556,32668893126.715786
2021-01-30 00:00:00.000,1380.2842591352105,49454503567.54182
2021-01-31 00:00:00.000,1372.427228964234,29581914651.14533
2021-02-01 00:00:00.000,1317.0474362291777,24723054987.874157
2021-02-02 00:00:00.000,1368.6644548123775,28544048877.677177
2021-02-03 00:00:00.000,1514.2251957516528,42952410181.632454
2021-02-04 00:00:00.000,1661.000824367477,42202356538.206825
2021-02-05 00:00:00.000,1587.8008991859367,42668487953.81155
2021-02-06 00:00:00.000,1724.8569083393102,39147540640.174576
2021-02-07 00:00:00.000,1683.941297865053,36776919163.51647
2021-02-08 00:00:00.000,1608.6405479857196,38849634841.44165
2021-02-09 00:00:00.000,1750.997553719215,45540524354.89187
2021-02-10 00:00:00.000,1769.053533934599,42127693213.60732
2021-02-11 00:00:00.000,1739.164209004836,40563120176.97226
2021-02-12 00:00:00.000,1782.5088691218523,33868453070.396435
2021-02-13 00:00:00.000,1841.1977507032907,36105354379.40371
2021-02-14 00:00:00.000,1810.8425457323726,33305061601.17683
2021-02-15 00:00:00.000,1804.9841464366498,30218599726.89195
2021-02-16 00:00:00.000,1775.758351701864,37652347195.44906
2021-02-17 00:00:00.000,1782.5753090505934,33252538989.620327
2021-02-18 00:00:00.000,1845.5739221567521,33582379213.069286
2021-02-19 00:00:00.000,1938.5694368074617,34799956643.698685
2021-02-20 00:00:00.000,1969.9797177628186,34796767875.96328
2021-02-21 00:00:00.000,1929.367692879665,44957939435.53464
2021-02-22 00:00:00.000,1941.4267676797988,33064349740.90669
2021-02-23 00:00:00.000,1788.6152102806425,53799590366.036766
2021-02-24 00:00:00.000,1563.9246059011416,62714754623.34122
2021-02-25 00:00:00.000,1628.391533792655,40313400449.155266
2021-02-26 00:00:00.000,1468.8601037286776,31736119376.25847
2021-02-27 00:00:00.000,1450.988746804119,36682073651.905846
2021-02-28 00:00:00.000,1480.1295768477528,28221473460.214203
2021-03-01 00:00:00.000,1416.661552837565,35420463945.47327
2021-03-02 00:00:00.000,1570.3996896340539,31604939381.863796
2021-03-03 00:00:00.000,1497.0891042633873,29049758215.725
2021-03-04 00:00:00.000,1579.4271687603093,30352405292.089714
2021-03-05 00:00:00.000,1546.4996211167372,29848246930.850037
2021-03-06 00:00:00.000,1539.0484290947375,28537887161.018692
2021-03-07 00:00:00.000,1661.9279698998157,31094969328.98433
2021-03-08 00:00:00.000,1727.463096224567,29416647567.957836
2021-03-09 00:00:00.000,1837.5330305439452,35353973627.380775
2021-03-10 00:00:00.000,1869.3311016255,31147565432.965343
2021-03-11 00:00:00.000,1802.3110916881178,31746963272.74199
2021-03-12 00:00:00.000,1826.0574768119818,31257932436.53519
2021-03-13 00:00:00.000,1770.9361793697751,28436574756.548508
2021-03-14 00:00:00.000,1927.7207203999014,32785949401.529545
2021-03-15 00:00:00.000,1866.0715447008808,26379565439.25233
2021-03-16 00:00:00.000,1791.047851830107,32950345872.852455
2021-03-17 00:00:00.000,1808.5512173614395,30686971237.08834
2021-03-18 00:00:00.000,1828.7548332342565,30744899541.009495
2021-03-19 00:00:00.000,1780.1596459528505,29651777827.921936
2021-03-20 00:00:00.000,1817.1329628084297,27345983317.046707
2021-03-21 00:00:00.000,1817.8601431294944,29495472699.399334
2021-03-22 00:00:00.000,1790.3780747526928,29228757709.8678
2021-03-23 00:00:00.000,1686.8911971580417,31376731220.175137
2021-03-24 00:00:00.000,1673.8591835627929,28758919428.479744
2021-03-25 00:00:00.000,1581.631055931366,38413713634.36278
2021-03-26 00:00:00.000,1587.2979641585232,26325124557.630264
2021-03-27 00:00:00.000,1700.3668693581185,24804294373.644676
2021-03-28 00:00:00.000,1713.8378756834459,21118379279.876865
2021-03-29 00:00:00.000,1689.0367982059097,19859272131.74501
2021-03-30 00:00:00.000,1817.626388088868,32618518751.6075
2021-03-31 00:00:00.000,1840.294951985396,28496809577.711266
2021-04-01 00:00:00.000,1915.8325358462234,28955571443.672318
2021-04-02 00:00:00.000,1970.4711995232753,32076778812.4586
2021-04-03 00:00:00.000,2134.101788297294,35467665330.67185
2021-04-04 00:00:00.000,2016.6672472930366,34872897876.651085
2021-04-05 00:00:00.000,2077.755212422407,26817722961.480415
2021-04-06 00:00:00.000,2097.7963827792596,30867393925.630993
2021-04-07 00:00:00.000,2115.0554517461082,33391498272.783157
2021-04-08 00:00:00.000,1989.1480619041722,39604003543.54452
2021-04-09 00:00:00.000,2081.3540625398964,27145394978.191498
2021-04-10 00:00:00.000,2069.6677960855295,25076796421.07279
2021-04-11 00:00:00.000,2142.7960653929085,32243242817.777157
2021-04-12 00:00:00.000,2150.2651427927744,25369863410.044476
2021-04-13 00:00:00.000,2142.476275865736,29096213677.73583
2021-04-14 00:00:00.000,2304.3435163110134,35760747636.05728
2021-04-15 00:00:00.000,2429.6615277515734,43351853140.30176
2021-04-16 00:00:00.000,2514.1684155812304,37106765660.11614
2021-04-17 00:00:00.000,2424.5538447081194,43982805217.511246
2021-04-18 00:00:00.000,2345.266962776132,35627176091.57985
2021-04-19 00:00:00.000,2245.7607533508544,61890227351.97623
2021-04-20 00:00:00.000,2168.032726735651,40335730705.29044
2021-04-21 00:00:00.000,2324.2846872281943,44737302423.76558
2021-04-22 00:00:00.000,2373.501344298211,43726884251.94589
2021-04-23 00:00:00.000,2426.0711497906045,63343308067.3157
2021-04-24 00:00:00.000,2364.2312036020908,69126869461.51704
2021-04-25 00:00:00.000,2212.8437976342047,35640594314.43296
2021-04-26 00:00:00.000,2307.35532084471,36744402576.60037
2021-04-27 00:00:00.000,2532.3868028851084,42791797037.03227
2021-04-28 00:00:00.000,2647.158189660288,37611597877.629944
2021-04-29 00:00:00.000,2748.7845851218613,42878743228.1645
2021-04-30 00:00:00.000,2757.497552304977,38536865198.32878
2021-05-01 00:00:00.000,2776.70371169874,35477884578.62226
2021-05-02 00:00:00.000,2944.9169473185057,36721647718.00421
2021-05-03 00:00:00.000,2953.2973480804735,35727432415.51426
2021-05-04 00:00:00.000,3439.8550695192603,64192650586.42862
2021-05-05 00:00:00.000,3245.663148933579,78437235045.70189
2021-05-06 00:00:00.000,3524.562728476055,63552342594.19045
2021-05-07 00:00:00.000,3495.0758690360576,50430169752.9615
2021-05-08 00:00:00.000,3493.534500000208,44980768421.369
2021-05-09 00:00:00.000,3912.7429165968124,60174921874.24125
2021-05-10 00:00:00.000,3932.754068170969,61625657297.19764
2021-05-11 00:00:00.000,3979.6086519212827,80827215917.6633
2021-05-12 00:00:00.000,4182.790285752286,67869198116.36811
2021-05-13 00:00:00.000,3906.108903329409,78772032254.80873
2021-05-14 00:00:00.000,3750.3415950592753,97383442023.26581
2021-05-15 00:00:00.000,4088.73170832043,63587729060.25979
2021-05-16 00:00:00.000,3659.9218442136184,58150860876.149025
2021-05-17 00:00:00.000,3602.0048969299023,67531308123.83328
2021-05-18 00:00:00.000,3288.2298872378637,75100584775.8453
2021-05-19 00:00:00.000,3399.0492796569383,59160464538.280525
2021-05-20 00:00:00.000,2505.014945945662,117905041184.06494
2021-05-21 00:00:00.000,2778.279660560299,92538167827.51727
2021-05-22 00:00:00.000,2419.1032171150196,115000901891.803
2021-05-23 00:00:00.000,2306.371266867117,102524751568.4531
2021-05-24 00:00:00.000,2120.0373745099428,77839858613.53922
2021-05-25 00:00:00.000,2640.1596323488234,73496058830.83229
2021-05-26 00:00:00.000,2695.4778071496326,92468701273.98392
2021-05-27 00:00:00.000,2882.483407624011,53115222704.62064
2021-05-28 00:00:00.000,2742.990862697615,44070236220.034096
2021-05-29 00:00:00.000,2433.328865728611,49493519120.23643
2021-05-30 00:00:00.000,2294.626285512794,47141249182.27268
2021-05-31 00:00:00.000,2395.8532280027384,37392021393.940125
2021-06-01 00:00:00.000,2708.429865793973,44445830387.932175
2021-06-02 00:00:00.000,2632.6565998696506,39898648753.4186
2021-06-03 00:00:00.000,2717.1540367097723,39148856525.29615
2021-06-04 00:00:00.000,2858.27670209791,38104663185.40115
2021-06-05 00:00:00.000,2694.4976666790503,39996583175.266685
2021-06-06 00:00:00.000,2624.7689150594238,34731979704.601685
2021-06-07 00:00:00.000,2711.5479390111605,29050162248.93885
2021-06-08 00:00:00.000,2580.5355800598445,37385872210.25046
2021-06-09 00:00:00.000,2528.022300878691,48344195673.521126
2021-06-10 00:00:00.000,2620.6253893038547,43973432438.082634
2021-06-11 00:00:00.000,2486.600068788676,33075957436.760677
2021-06-12 00:00:00.000,2356.6347741896757,26751786966.47868
2021-06-13 00:00:00.000,2379.991747950219,28235882061.70689
2021-06-14 00:00:00.000,2517.771695525423,29382118964.283043
2021-06-15 00:00:00.000,2587.381610979154,28128172338.347244
